ID_c,N_c,N_clg,N_c_clg,Y_clg,Y_c,C_clg,C_c,ID_s,SQM,CA,VAR,SI,HAR,LAT,VC_c_2d,VC_c_3d,AVG(UTCI)_8:00,AVG(UTCI)_9:00,AVG(UTCI)_10:00,AVG(UTCI)_11:00,AVG(UTCI)_12:00,AVG(UTCI)_13:00,AVG(UTCI)_14:00,AVG(UTCI)_15:00,AVG(UTCI)_16:00,AVG(UTCI)_17:00,AVG(UTCI)_18:00,AVG(UTCI)_19:00,AVG(UTCI)_20:00,AVG(UTCI)_21:00,AVG(UTCI)_22:00,AVG(UTCI)_23:00,AVG(UTCI)_0:00,AVG(UTCI)_1:00,AVG(UTCI)_2:00,AVG(UTCI)_3:00,AVG(UTCI)_4:00,AVG(UTCI)_5:00,AVG(UTCI)_6:00,AVG(UTCI)_7:00
1,First,Christs,First_Christs,1437,1448,1400s,1400s,CE_01,150*150,1317.567,1.350,1.003,0.980,43.703,0.479,0.021,-0.390632,1.438044,5.152425,8.634495,9.916995,10.070845,8.419035,6.481058,3.78435,2.705901,1.907556,1.334399,0.434401,-0.542125,-0.685729,-1.102088,-1.226268,-1.460204,-1.430023,-1.429644,-1.986682,-2.360799,-2.684133,-2.521483
2,Front,Emmanuel,Front_Emmanuel,1584,1634,1500s,1600s,CE_02,150*150,1344.268,1.433,1.005,1.266,62.415,0.518,0.000,-0.224987,1.547681,5.352391,7.729077,8.820478,9.170169,8.49094,6.634058,3.932426,2.852942,2.04913,1.470526,0.627599,-0.341104,-0.514766,-0.995529,-1.145102,-1.252977,-1.357123,-1.358328,-1.875486,-2.206832,-2.6054,-2.409405
3,New,Emmanuel,New_Emmanuel,1584,1824,1500s,1800s,CE_02,150*150,747.716,1.864,1.004,1.288,61.821,0.298,0.000,0.003403,1.71821,5.508251,7.924246,9.052887,9.439952,8.711775,6.78095,4.026701,2.95791,2.155369,1.581765,0.803351,-0.186179,-0.431555,-0.866934,-0.981863,-1.090648,-1.182962,-1.217624,-1.655991,-1.968984,-2.478702,-2.323405
4,Cloister,Sidney_Sussex,Cloister_Sidney_Sussex,1596,1891,1500s,1800s,CE_03,180*180,1485.053,2.518,1.015,1.096,152.890,0.849,0.694,0.494434,2.241886,5.735172,8.335047,9.446413,9.380395,8.887055,7.214877,4.688094,3.716287,2.927951,2.383008,1.380974,0.410391,0.393119,-0.093865,-0.266299,-0.688802,-0.374352,-0.374214,-0.991934,-1.392438,-1.576561,-1.431246
5,Hall,Sidney_Sussex,Hall_Sidney_Sussex,1596,1596,1500s,1500s,CE_03,180*180,615.296,3.031,1.002,0.998,152.684,0.504,0.000,0.028877,1.71698,5.266684,7.599008,8.598842,8.917209,8.352893,6.646341,4.073979,3.044461,2.24389,1.683783,0.805681,-0.174806,-0.302095,-0.749681,-0.854506,-1.117273,-1.041096,-1.035682,-1.583539,-1.959684,-2.326001,-2.195141
6,Chapel,Sidney_Sussex,Chapel_Sidney_Sussex,1596,1596,1500s,1500s,CE_03,180*180,530.760,3.875,1.003,1.089,59.579,0.510,0.000,0.024419,1.717703,5.275236,7.769187,8.907668,9.116336,8.351996,6.658978,4.08346,3.043381,2.250817,1.686495,0.769846,-0.186674,-0.284763,-0.778456,-0.89237,-1.12285,-1.103799,-1.081166,-1.628404,-1.997378,-2.362895,-2.213641
7,South,Sidney_Sussex,South_Sidney_Sussex,1596,1910,1500s,1900s,CE_03,180*180,592.153,6.130,1.528,1.098,38.911,0.232,0.000,0.073577,1.76261,5.420893,7.74334,8.763746,9.144315,8.539882,6.778512,4.054002,3.01737,2.237865,1.678546,0.81197,-0.170455,-0.300484,-0.735086,-0.835913,-0.993233,-1.055205,-1.052913,-1.576038,-1.934233,-2.329919,-2.199054
8,Staff,Sidney_Sussex,Staff_Sidney_Sussex,1596,1596,1500s,1500s,CE_03,180*180,261.006,9.406,1.629,8.062,156.441,0.000,0.000,0.290665,1.951701,5.714852,8.022608,9.094259,9.459743,8.884596,7.07251,4.184915,3.166024,2.379743,1.824227,0.980566,0.037549,-0.057438,-0.59595,-0.715867,-0.959911,-0.957251,-0.948055,-1.492188,-1.853101,-2.205892,-2.083055
9,Cloister,Jesus,Cloister_Jesus,1496,1245,1400s,1200s,CE_04,120*120,338.559,7.112,1.005,1.212,3.395,1.000,0.000,0.125385,1.747326,5.32638,7.701205,8.899711,9.173952,8.414801,6.6723,4.218429,3.208155,2.420169,1.862456,1.049327,0.119459,-0.085438,-0.557418,-0.711669,-0.966996,-0.945392,-0.932577,-1.434675,-1.795027,-2.157713,-1.994044
10,West,Jesus,West_Jesus,1496,2015,1400s,2000s,CE_05,150*150,1175.856,2.047,1.053,1.884,96.593,0.096,0.199,0.266408,1.921612,5.572548,8.099537,9.325942,9.541868,8.714567,6.983583,4.351645,3.252622,2.447043,1.89081,1.224947,0.284007,-0.048806,-0.547714,-0.660609,-0.903661,-0.790483,-0.802255,-1.352855,-1.711372,-1.979899,-1.835048
11,Whewell_W,Trinity,Whewell_W_Trinity,1546,1860,1500s,1800s,CC_06,180*180,160.832,6.688,1.078,1.900,71.928,0.000,0.000,0.532031,2.120011,5.738685,8.189389,9.290708,9.669234,9.012035,7.121059,4.315514,3.305258,2.545591,2.000358,1.270612,0.301324,0.092862,-0.327565,-0.492088,-0.672262,-0.757396,-0.786585,-1.302416,-1.646073,-1.989478,-1.819014
12,Whewell_E,Trinity,Whewell_E_Trinity,1546,1860,1500s,1800s,CC_06,180*180,704.317,3.208,1.031,1.667,51.590,0.000,0.000,0.094352,1.754037,5.385056,7.89655,9.026746,9.359223,8.669608,6.740444,4.0133,3.007927,2.219358,1.662922,0.840341,-0.133632,-0.285432,-0.769415,-0.901556,-1.087679,-1.120429,-1.153575,-1.678137,-2.037904,-2.381148,-2.199152
13,Corfield_S,St_Johns,Corfield_S_St_Johns,1511,1879,1500s,1800s,CC_06,180*180,376.404,4.445,1.401,1.947,119.066,0.000,0.000,-0.035654,1.600908,5.452215,7.794033,8.930003,9.200449,8.610437,6.863051,4.019513,3.020029,2.244534,1.691812,0.619568,-0.137114,-0.203471,-0.68458,-0.804007,-1.0968,-1.087662,-1.043375,-1.561003,-1.939479,-2.230153,-2.151771
14,Corfield_N,St_Johns,Corfield_N_St_Johns,1511,1879,1500s,1800s,CC_06,180*180,409.501,6.769,2.192,0.870,44.883,0.118,0.000,0.210957,1.84763,5.497918,7.798303,8.929761,9.265979,8.638641,6.853146,4.105208,3.10472,2.325244,1.774497,0.9526,-0.002121,-0.195844,-0.671495,-0.786814,-1.057004,-0.990138,-0.997413,-1.561055,-1.938622,-2.196554,-2.063174
15,St_Michael,Gonville_Caius,St_Michael_Gonville_Caius,1348,1903,1300s,1900s,CC_07,150*150,1156.548,4.038,1.966,0.361,42.350,0.385,0.049,0.135593,1.81801,5.404943,7.934233,8.938836,9.374116,8.699983,6.832924,4.125991,3.134391,2.363236,1.805875,0.870942,-0.060781,-0.176294,-0.582406,-0.731644,-1.04279,-0.978598,-0.969223,-1.488494,-1.859621,-2.281548,-2.148666
16,New,Corpus_Cristi,New_Corpus_Cristi,1349,1823,1300s,1800s,CC_08,180*180,1847.368,1.863,1.010,1.213,171.770,0.596,0.000,-0.144644,1.547149,4.991362,7.408414,9.055983,9.442825,8.117791,6.38416,3.95831,2.923245,2.132378,1.571053,0.650415,-0.324024,-0.44228,-0.848868,-1.006649,-1.275928,-1.17724,-1.188366,-1.757338,-2.129656,-2.392231,-2.2654
17,Old,Corpus_Cristi,Old_Corpus_Cristi,1349,1352,1300s,1300s,CC_08,180*180,837.147,3.381,1.022,1.478,79.722,0.469,0.000,0.02702,1.670632,5.089048,7.452159,8.527397,8.864902,8.222844,6.51266,4.04567,3.020795,2.233506,1.670557,0.844004,-0.14284,-0.315718,-0.749511,-0.880699,-1.097616,-1.067208,-1.092011,-1.674885,-2.048376,-2.305749,-2.133435
18,Library,Corpus_Cristi,Library_Corpus_Cristi,1349,1960,1300s,1900s,CC_08,180*180,223.719,6.973,1.301,4.315,171.550,0.000,0.000,0.334105,1.931735,5.418662,7.920404,9.444444,9.377103,8.717726,6.888192,4.180455,3.176056,2.404811,1.854444,1.064219,0.124204,-0.034079,-0.56465,-0.691554,-0.96239,-0.837596,-0.926656,-1.532271,-1.897694,-2.090929,-1.937728
19,Stable,Corpus_Cristi,Stable_Corpus_Cristi,1349,1920,1300s,1900s,CC_08,180*180,70.044,10.279,1.008,1.294,92.974,0.000,0.000,0.462253,2.039635,5.521746,7.989411,9.048509,9.444183,8.82131,6.981622,4.24565,3.269939,2.528414,1.988832,1.197573,0.240616,0.077294,-0.339806,-0.477268,-0.827087,-0.709618,-0.773636,-1.397285,-1.786453,-1.930953,-1.789312
20,NA_E,Corpus_Cristi,NA_E_Corpus_Cristi,1349,1960,1300s,1900s,CC_08,180*180,91.866,10.737,1.289,2.104,109.475,0.000,0.000,0.659874,2.177734,5.642601,8.033003,9.112806,9.496379,8.843865,7.021375,4.349656,3.272949,2.521217,1.983672,1.321806,0.447193,0.087051,-0.407436,-0.545677,-0.832666,-0.730859,-0.777551,-1.35796,-1.756821,-1.978795,-1.856621
21,NA_W,Corpus_Cristi,NA_W_Corpus_Cristi,1349,1960,1300s,1900s,CC_08,180*180,35.087,11.326,1.048,1.857,172.101,0.000,0.000,0.978138,2.426757,5.794948,8.09603,9.146456,9.591399,8.903617,7.08349,4.445552,3.303061,2.582618,2.054389,1.468935,0.566768,0.13239,-0.29613,-0.430968,-0.694098,-0.650588,-0.717387,-1.284941,-1.681317,-1.924039,-1.823979
22,Old,Pembroke,Old_Pembroke,1347,1614,1300s,1600s,CC_09,150*150,1071.035,1.794,1.005,1.421,153.653,0.530,0.000,-0.111885,1.565894,5.552889,7.589542,9.176372,8.853867,8.198184,6.538856,3.992978,2.947799,2.135218,1.572866,0.772491,-0.166556,-0.353193,-0.851798,-1.007928,-1.327101,-1.255264,-1.245126,-1.765206,-2.118467,-2.433752,-2.266175
23,Ivy,Pembroke,Ivy_Pembroke,1347,1616,1300s,1600s,CC_09,150*150,1022.986,2.025,1.053,1.347,62.200,0.456,0.010,-0.072565,1.608892,5.185171,7.971587,8.540175,8.701648,8.239148,6.562715,4.011975,2.936862,2.133869,1.569107,0.772603,-0.198024,-0.404536,-0.825417,-0.953269,-1.20083,-1.247141,-1.207198,-1.69486,-2.048962,-2.437036,-2.289112
24,Chimney,Pembroke,Chimney_Pembroke,1347,1920,1300s,1900s,CC_09,150*150,105.834,18.266,1.224,1.455,71.913,0.000,0.000,0.55935,2.152816,5.690047,8.276225,9.26643,9.795397,9.047603,7.215665,4.328918,3.368002,2.630738,2.09688,1.24017,0.310447,0.124228,-0.256216,-0.415653,-0.628431,-0.680648,-0.663829,-1.189504,-1.571338,-1.942443,-1.838249
25,Old,Peterhouse,Old_Peterhouse,1280,1290,1200s,1200s,CW_10,150*150,1193.130,2.071,1.038,1.821,70.785,0.426,0.000,-0.003264,1.615483,5.035797,7.357097,8.377837,8.775943,8.115703,6.454027,3.99799,2.931433,2.161216,1.609843,0.744416,-0.204691,-0.425043,-0.771011,-0.851168,-1.07605,-1.113701,-1.103961,-1.646104,-2.016372,-2.370803,-2.252029
26,Gisborne,Peterhouse,Gisborne_Peterhouse,1280,1826,1200s,1800s,CW_10,150*150,734.957,2.491,1.001,1.130,159.268,0.369,0.111,0.124788,1.727937,5.081275,7.472001,9.371575,9.456685,8.714596,6.67958,4.160958,3.12211,2.355939,1.803162,0.929691,0.027766,-0.215866,-0.614285,-0.695,-0.938231,-0.863016,-0.839062,-1.385095,-1.77409,-2.192987,-2.10128
27,Main,St_Catherine,Main_St_Catherine,1473,1935,1400s,1900s,CW_11,225*225,2475.782,1.331,1.090,2.228,78.544,0.539,0.056,-0.193673,1.525213,5.030958,7.720285,9.053954,8.651179,8.148256,6.348581,3.917163,2.823968,2.025544,1.458891,0.601729,-0.366024,-0.548575,-0.989538,-1.142475,-1.370207,-1.32363,-1.295012,-1.853362,-2.235018,-2.549061,-2.38424
28,Sherlock,St_Catherine,Sherlock_St_Catherine,1473,1935,1400s,1900s,CW_11,225*225,745.751,3.538,1.037,1.342,163.942,0.422,0.285,0.403073,2.02034,5.477934,7.853605,8.96486,9.38618,8.662866,6.858851,4.439891,3.380077,2.601113,2.056749,1.227597,0.283793,0.07088,-0.405159,-0.529284,-0.757319,-0.673945,-0.722465,-1.297862,-1.677458,-2.00993,-1.834133
29,Chapel,St_Catherine,Chapel_St_Catherine,1473,1936,1400s,1900s,CW_11,225*225,389.336,9.052,1.545,0.695,160.408,0.000,0.186,0.165706,1.799001,5.456423,9.29682,12.080509,10.871325,8.967874,6.769117,4.094767,3.113629,2.301183,1.738793,0.95936,-0.011254,-0.235743,-0.726571,-0.893492,-1.136018,-1.07136,-1.079691,-1.633131,-2.005145,-2.296069,-2.089949
30,Old,Queens,Old_Queens,1465,1448,1400s,1400s,CW_11,225*225,765.466,2.232,1.003,1.146,79.488,0.000,0.000,-0.071775,1.594922,5.202801,7.752875,8.858425,9.226111,8.43254,6.486866,3.88841,2.837313,2.070103,1.524689,0.736537,-0.211745,-0.449885,-0.854122,-0.912548,-1.157839,-1.196746,-1.214355,-1.704621,-2.046979,-2.46377,-2.327504
31,Cloister,Queens,Cloister_Queens,1465,1490,1400s,1400s,CW_11,225*225,559.921,1.650,0.991,1.245,70.401,0.000,0.050,-0.19094,1.487974,5.059844,7.562554,8.680197,9.004584,8.248721,6.361804,3.770391,2.717153,1.918782,1.36511,0.621794,-0.332072,-0.563327,-0.977399,-1.14105,-1.376081,-1.370925,-1.33691,-1.815134,-2.159358,-2.576838,-2.464077
32,Pump,Queens,Pump_Queens,1465,1680,1400s,1600s,CW_11,225*225,147.624,4.155,1.061,1.658,68.325,0.000,0.000,0.332066,1.914176,5.475429,8.009079,9.106242,9.457423,8.727273,6.758323,4.123756,3.04959,2.298636,1.763038,1.144941,0.196144,-0.196727,-0.587534,-0.696438,-0.955977,-0.937367,-0.942749,-1.450207,-1.804078,-2.183128,-2.067303
33,Walnut_Tree,Queens,Walnut_Tree_Queens,1465,1620,1400s,1600s,CW_11,225*225,1401.403,1.571,1.074,1.362,81.482,0.508,0.183,-0.00163,1.700335,5.266999,7.752148,8.832256,9.212062,8.838858,6.679282,4.123079,3.137661,2.357067,1.80627,0.848443,-0.071482,-0.132228,-0.483022,-0.669913,-1.125009,-0.938447,-0.842092,-1.332462,-1.72802,-2.049072,-2.006433
34,Friars,Queens,Friars_Queens,1465,1885,1400s,1800s,CW_11,225*225,1324.834,1.731,1.231,1.692,81.776,0.527,0.000,-0.203123,1.448122,5.107836,7.568925,9.542762,10.196333,9.218739,6.545599,3.980285,3.037428,2.258285,1.698973,0.639413,-0.20368,-0.235003,-0.669519,-0.826487,-1.170146,-1.089656,-1.069626,-1.630016,-2.014795,-2.271243,-2.175179
35,Front,Kings,Front_Kings,1441,1820,1400s,1800s,CW_12,270*270,6713.947,1.032,1.000,1.066,175.800,0.616,0.000,-0.506886,1.281137,5.732065,9.612223,11.195388,10.577345,8.889768,6.344296,3.729249,2.643356,1.838281,1.265205,0.305722,-0.631307,-0.725808,-1.123834,-1.274715,-1.575555,-1.473457,-1.434204,-1.995644,-2.366086,-2.674097,-2.519031
36,Chetwynd,Kings,Chetwynd_Kings,1441,1870,1400s,1800s,CW_12,270*270,486.260,3.766,1.045,1.237,175.846,0.000,0.000,0.107026,1.823972,5.611554,8.138894,9.224192,9.675864,8.899047,6.880614,4.056922,3.006925,2.211008,1.650474,0.864074,-0.113351,-0.292428,-0.753098,-0.866291,-1.058235,-1.050815,-1.086386,-1.629916,-1.988382,-2.337386,-2.184562
37,Webbs,Kings,Webbs_Kings,1441,1908,1400s,1900s,CW_12,270*270,1042.880,2.777,1.150,2.525,85.516,0.103,0.027,-0.049902,1.63971,5.304087,7.785596,8.867469,9.198371,8.544546,6.620765,3.964902,2.860614,2.070324,1.510826,0.750809,-0.179515,-0.404272,-0.836545,-0.952005,-1.178365,-1.229032,-1.195614,-1.67832,-2.031819,-2.448417,-2.30425
38,Provosts,Kings,Provosts_Kings,1441,1890,1400s,1800s,CW_12,270*270,1740.280,1.819,1.056,1.161,176.074,0.912,0.244,0.236011,1.869396,5.406697,7.80075,9.16357,9.438684,8.585024,6.873277,4.416603,3.402312,2.593102,2.030368,1.099564,0.234215,0.11974,-0.376607,-0.508339,-0.797788,-0.744287,-0.676482,-1.21196,-1.574572,-1.946819,-1.793162
39,Tree,Gonville_Caius,Tree_Gonville_Caius,1348,1853,1300s,1800s,CW_13,375*375,1800.298,1.750,1.120,1.809,16.361,0.729,0.490,0.446705,2.110159,5.488329,7.773454,9.151214,9.504804,8.613805,6.846782,4.550377,3.505248,2.706049,2.151359,1.27879,0.330655,0.181155,-0.308616,-0.41964,-0.643438,-0.574017,-0.577325,-1.120407,-1.500425,-1.834321,-1.632008
40,Gonville,Gonville_Caius,Gonville_Gonville_Caius,1348,1441,1300s,1400s,CW_13,375*375,655.790,2.349,1.004,1.035,5.546,0.426,0.000,0.111695,1.736885,5.132551,7.458519,8.5551,8.887293,8.223929,6.444099,4.077072,3.020934,2.233836,1.676875,0.922013,-0.057032,-0.288996,-0.764053,-0.876432,-1.057692,-1.070803,-1.075929,-1.619258,-1.982409,-2.3368,-2.151722
41,Caius,Gonville_Caius,Caius_Gonville_Caius,1348,1565,1300s,1500s,CW_13,375*375,985.655,1.799,1.062,1.314,1.763,0.402,0.000,-0.144766,1.539277,5.674287,7.807391,10.287237,9.705706,8.025244,6.245183,3.884506,2.84488,2.044903,1.488765,0.650374,-0.321328,-0.475502,-0.961357,-1.083317,-1.325557,-1.239058,-1.24636,-1.800472,-2.166743,-2.485932,-2.294044
42,Masters,Gonville_Caius,Masters_Gonville_Caius,1348,1717,1300s,1700s,CW_13,375*375,801.222,1.699,1.036,1.333,2.835,0.698,0.719,0.787261,2.382421,5.69618,8.032743,9.134772,9.46455,8.848074,7.147107,4.878694,3.87236,3.080053,2.536782,1.765966,0.825315,0.556013,0.049773,-0.032958,-0.225209,-0.125499,-0.190265,-0.753191,-1.098527,-1.400403,-1.173234
43,Front,Trinity_Hall,Front_Trinity_Hall,1350,1872,1300s,1800s,CW_13,375*375,849.939,1.926,1.018,1.438,91.541,0.520,0.000,0.006744,1.6394,5.013596,7.392418,8.438154,8.892999,8.133108,6.387414,4.027412,2.97538,2.191059,1.63605,0.823091,-0.135983,-0.314252,-0.765506,-0.894239,-1.078749,-1.061126,-1.064105,-1.603346,-1.96004,-2.294003,-2.121806
44,North,Trinity_Hall,North_Trinity_Hall,1350,1952,1300s,1900s,CW_13,375*375,414.813,3.370,1.321,3.412,91.821,0.000,0.324,0.667098,2.204378,5.594699,8.084148,9.214432,9.442334,8.86728,6.981601,4.523224,3.519569,2.757643,2.218514,1.490041,0.610169,0.366925,-0.179364,-0.28734,-0.442288,-0.525776,-0.505036,-1.016606,-1.363923,-1.718719,-1.540803
45,Avery,Trinity_Hall,Avery_Trinity_Hall,1350,1864,1300s,1800s,CW_13,375*375,287.248,3.854,1.097,1.188,25.344,0.445,0.000,0.183302,1.76562,5.155556,7.499294,8.649802,8.975548,8.268082,6.505113,4.095012,3.068833,2.280509,1.729412,0.959511,0.010573,-0.207964,-0.654192,-0.748774,-0.987667,-0.936616,-0.95165,-1.498638,-1.861552,-2.178523,-2.048524
46,Cherry_Tree,Trinity_Hall,Cherry_Tree_Trinity_Hall,1350,1890,1300s,1800s,CW_13,375*375,496.876,1.685,1.009,1.109,4.335,0.130,0.134,-0.147999,1.53471,5.020573,7.592086,8.603409,9.041563,8.259315,6.380909,3.920317,2.88868,2.138064,1.592838,0.733013,-0.174319,-0.318643,-0.729534,-0.881822,-1.158989,-1.062943,-1.021952,-1.562548,-1.953348,-2.195441,-2.09622
47,Old,Clare,Old_Clare,1326,1715,1300s,1700s,CW_13,375*375,1549.541,1.536,1.022,1.339,86.532,0.690,0.000,-0.028731,1.608145,4.997726,7.375254,8.461018,8.795072,8.164871,6.380243,4.046084,3.044923,2.274021,1.7197,0.833548,-0.135168,-0.300954,-0.734943,-0.839048,-1.046429,-1.001567,-0.99653,-1.527048,-1.885198,-2.218515,-2.065265
48,Angel_N,Trinity,Angel_N_Trinity,1546,1959,1500s,1900s,CW_13,375*375,406.865,5.269,1.449,0.923,133.647,0.000,0.000,-0.050049,1.598738,5.194902,7.5995,9.250278,9.170603,8.328337,6.424923,3.857144,2.892653,2.144302,1.601164,0.656765,-0.2425,-0.372152,-0.78017,-0.898611,-1.252627,-1.07672,-1.127826,-1.691606,-2.056415,-2.384939,-2.257665
49,Angel_S,Trinity,Angel_S_Trinity,1546,1959,1500s,1900s,CW_13,375*375,598.934,2.997,1.157,1.761,27.674,0.327,0.229,0.353584,1.978323,5.369784,7.669961,8.777087,9.122957,8.445895,6.68678,4.323852,3.270484,2.496465,1.944507,1.184631,0.207956,-0.044597,-0.489822,-0.580355,-0.752923,-0.759926,-0.785579,-1.339434,-1.697341,-2.066141,-1.904381
50,Great,Trinity,Great_Trinity,1546,1608,1500s,1600s,CW_13,375*375,8230.750,0.862,1.017,1.226,10.731,0.458,0.000,-0.754175,1.130361,6.491216,10.940037,12.9751,12.768111,9.895753,6.433337,3.497405,2.494923,1.696049,1.12803,0.061949,-0.787944,-0.868823,-1.298994,-1.433814,-1.922191,-1.624335,-1.593501,-2.146004,-2.514486,-2.845922,-2.682646
51,Neviles,Trinity,Neviles_Trinity,1546,1750,1500s,1700s,CW_13,375*375,2906.737,1.309,1.032,1.601,101.878,0.758,0.000,-0.099113,1.581599,5.073786,7.731574,9.079116,8.763053,8.069007,6.356384,4.016698,3.006624,2.193551,1.639036,0.774843,-0.181957,-0.30733,-0.797649,-0.953382,-1.218813,-1.091241,-1.08525,-1.649967,-2.013937,-2.282802,-2.148447
52,New,Trinity,New_Trinity,1546,1825,1500s,1800s,CW_13,375*375,2272.691,1.234,1.026,1.145,20.376,0.362,0.138,-0.253279,1.46673,5.645306,9.118422,10.853943,11.315237,8.991803,6.300585,3.892858,2.810911,2.01883,1.454745,0.557008,-0.357639,-0.493679,-0.881715,-1.01371,-1.266695,-1.242131,-1.199489,-1.701465,-2.074913,-2.41981,-2.337356
53,First,St_Johns,First_St_Johns,1511,1511,1500s,1500s,CW_14,225*225,2288.323,2.263,1.017,1.410,29.476,0.633,0.000,-0.04237,1.647049,5.165074,8.315973,9.757641,9.859058,8.343306,6.533527,4.061948,3.034622,2.23232,1.664933,0.792904,-0.181269,-0.308288,-0.790561,-0.926413,-1.134586,-1.105961,-1.111814,-1.660407,-2.023417,-2.3188,-2.193856
54,Second,St_Johns,Second_St_Johns,1511,1599,1500s,1500s,CW_14,225*225,2068.646,1.534,0.986,1.205,119.897,0.365,0.000,-0.226327,1.465581,5.005512,8.210763,9.498573,9.073347,8.159078,6.414258,3.867002,2.851986,2.045407,1.485007,0.702934,-0.263841,-0.463713,-0.976488,-1.106401,-1.358027,-1.259838,-1.286223,-1.848529,-2.212153,-2.439241,-2.246824
55,Third,St_Johns,Third_St_Johns,1511,1672,1500s,1600s,CW_14,225*225,881.932,3.460,1.024,1.522,23.306,0.305,0.000,0.008172,1.676507,5.254891,7.706725,9.09218,9.186981,8.437622,6.642578,4.050793,3.0244,2.252949,1.696025,0.839514,-0.134954,-0.300592,-0.745669,-0.853191,-1.118467,-0.95799,-1.014371,-1.615982,-1.980626,-2.195887,-2.073927
56,Chapel,St_Johns,Chapel_St_Johns,1511,1960,1500s,1900s,CW_14,225*225,1809.752,2.340,1.094,1.536,29.663,0.324,0.031,-0.049615,1.645848,5.237108,7.82979,9.432,9.588415,8.385442,6.598438,4.00977,2.994576,2.213559,1.649966,0.74419,-0.182874,-0.345989,-0.755789,-0.873673,-0.989341,-1.143261,-1.134367,-1.63915,-1.982147,-2.403886,-2.25194
57,New,St_Johns,New_St_Johns,1511,1831,1500s,1800s,CW_15,180*180,1569.635,2.228,1.304,4.123,107.094,0.621,0.000,-0.067534,1.603719,5.297829,7.879661,8.973066,9.180887,8.592298,6.758745,4.086244,3.052143,2.235809,1.668631,0.831634,-0.116288,-0.283189,-0.772647,-0.910186,-1.124235,-1.081264,-1.051803,-1.587148,-1.947079,-2.259718,-2.145561
58,Upper_River,St_Johns,Upper_River_St_Johns,1511,1964,1500s,1900s,CW_15,180*180,3010.150,1.441,1.179,1.664,151.257,0.741,0.104,-0.045544,1.672792,5.330123,8.240939,9.188614,9.110813,8.586896,6.764358,4.180176,3.106867,2.28632,1.719475,0.950724,-0.015569,-0.242499,-0.738072,-0.883818,-1.222759,-1.027626,-1.007616,-1.568941,-1.950414,-2.199876,-2.048175
59,First,Magdelene,First_Magdelene,1428,1542,1400s,1500s,CW_16,120*120,832.892,1.976,1.013,1.478,47.234,0.545,0.000,0.039647,1.788338,5.512736,8.048575,9.088451,9.540206,8.875324,6.975527,4.163971,3.112591,2.314851,1.751502,0.923316,-0.027984,-0.222427,-0.655705,-0.76947,-1.025183,-1.027706,-1.011124,-1.493418,-1.837745,-2.246269,-2.112614
60,Cripps,Magdelene,Cripps_Magdelene,1428,2005,1400s,2000s,NW_17,120*120,680.589,1.970,1.014,1.156,144.681,0.438,0.240,0.426495,2.08689,5.549397,7.890978,8.967756,9.291713,8.695364,6.949652,4.487723,3.535474,2.747562,2.203441,1.324154,0.430813,0.334667,-0.207357,-0.330793,-0.664239,-0.534411,-0.522871,-1.017334,-1.363122,-1.753071,-1.615603
61,Fountain,Murray_Edwards,Fountain_Murray_Edwards,1964,1964,1900s,1900s,NW_18,120*120,725.975,3.936,1.025,1.008,120.530,0.264,0.000,-0.074629,1.621499,5.267119,7.564054,8.615576,8.962231,8.304112,6.543744,3.942687,2.90307,2.131018,1.580205,0.800264,-0.098043,-0.311657,-0.810312,-0.926186,-1.191591,-1.112572,-1.134423,-1.702726,-2.064206,-2.397969,-2.271196
62,Cowan,Churchill,Cowan_Churchill,1958,1968,1900s,1900s,NW_19,375*375,409.933,7.409,1.000,1.027,114.022,0.000,0.000,0.431805,1.889057,5.217738,7.393679,8.505528,8.82085,8.089166,6.437686,4.210804,3.218748,2.451939,1.915107,1.313101,0.388353,0.063578,-0.42938,-0.51456,-0.667848,-0.729854,-0.767075,-1.264481,-1.579273,-1.963488,-1.816538
63,NA_E1,Churchill,NA_E1_Churchill,1958,1968,1900s,1900s,NW_19,375*375,528.682,3.700,1.083,1.033,27.948,0.000,0.193,0.327354,1.912599,5.293868,7.635414,8.86284,9.057596,8.336983,6.586591,4.262469,3.207192,2.450098,1.918097,1.25208,0.367655,0.000559,-0.450763,-0.536858,-0.702879,-0.724208,-0.772658,-1.296108,-1.645065,-2.026862,-1.873054
64,NA_E2,Churchill,NA_E2_Churchill,1958,1968,1900s,1900s,NW_19,375*375,283.520,4.049,0.999,1.037,114.573,0.000,0.000,0.089732,1.625774,4.980363,7.315644,8.541522,8.75957,8.055099,6.255314,3.93445,2.862307,2.11343,1.583088,1.010085,0.130277,-0.309656,-0.765948,-0.875879,-0.974821,-1.06348,-1.096491,-1.612909,-1.955156,-2.346932,-2.200189
65,NA_E3,Churchill,NA_E3_Churchill,1958,1968,1900s,1900s,NW_19,375*375,527.147,2.940,1.051,1.021,114.079,0.888,0.596,0.755205,2.281597,5.642905,7.910211,9.135622,9.291559,8.772397,7.057965,4.854427,3.709939,2.935869,2.401582,1.764779,0.950518,0.544198,0.003688,-0.088815,-0.252919,-0.257998,-0.2821,-0.774521,-1.106989,-1.564485,-1.36709
66,NA_S1,Churchill,NA_S1_Churchill,1958,1968,1900s,1900s,NW_19,375*375,541.901,3.000,1.000,1.024,114.108,0.891,0.145,0.499205,2.030911,5.379636,7.665231,8.883734,8.954089,8.43872,6.827859,4.561309,3.483008,2.705793,2.171664,1.47169,0.592916,0.239383,-0.234967,-0.332158,-0.495778,-0.559002,-0.565367,-1.045323,-1.366627,-1.840397,-1.672202
67,NA_S2,Churchill,NA_S2_Churchill,1958,1968,1900s,1900s,NW_19,375*375,272.423,3.911,1.000,1.001,24.274,0.000,0.000,0.140959,1.664045,4.994512,7.320103,8.654468,8.672356,7.98335,6.330719,3.948655,2.940755,2.166479,1.636949,1.010661,0.118297,-0.216571,-0.728106,-0.841466,-0.995824,-1.07107,-1.079709,-1.566586,-1.900795,-2.324132,-2.167324
68,NA_S3,Churchill,NA_S3_Churchill,1958,1968,1900s,1900s,NW_19,375*375,549.709,2.990,1.000,1.037,113.894,0.894,0.194,0.517397,2.074057,5.442681,7.68046,8.963251,8.970695,8.406438,6.901665,4.577125,3.57992,2.765779,2.228603,1.527076,0.628962,0.369059,-0.18181,-0.280013,-0.513893,-0.464378,-0.472263,-0.971552,-1.322786,-1.721608,-1.549145
69,NA_W,Churchill,NA_W_Churchill,1958,1968,1900s,1900s,NW_19,375*375,530.091,4.388,1.002,1.006,114.241,0.879,0.593,0.630937,2.196306,5.580676,7.742387,8.762338,9.085901,8.46262,6.904724,4.698997,3.648531,2.865227,2.325941,1.566948,0.671552,0.427328,0.026349,-0.123577,-0.400082,-0.3518,-0.309199,-0.808908,-1.176901,-1.518727,-1.413177
70,NA_N1,Churchill,NA_N1_Churchill,1958,1968,1900s,1900s,NW_19,375*375,533.873,3.177,1.000,1.102,23.893,0.822,0.588,0.626437,2.188359,5.551823,7.798303,8.922613,9.127998,8.501514,6.897934,4.662691,3.641087,2.862945,2.321211,1.564159,0.644932,0.396004,-0.028957,-0.153473,-0.398074,-0.369327,-0.355189,-0.862265,-1.223191,-1.560785,-1.44123
71,NA_N2,Churchill,NA_N2_Churchill,1958,1968,1900s,1900s,NW_19,375*375,267.513,3.451,1.001,1.042,24.376,0.000,0.000,0.050201,1.586718,4.973561,7.254513,8.342868,8.672757,7.90924,6.200214,3.912959,2.900877,2.146275,1.606756,0.877657,-0.059358,-0.303187,-0.713058,-0.812694,-1.014536,-1.043472,-1.057818,-1.560103,-1.908796,-2.252925,-2.11709
72,NA_N3,Churchill,NA_N3_Churchill,1958,1968,1900s,1900s,NW_19,375*375,532.781,2.721,1.059,1.015,113.780,0.816,0.000,0.110954,1.704911,5.048748,7.287838,8.299594,8.669745,7.980933,6.351021,4.162059,3.11561,2.329861,1.781598,0.959209,0.006609,-0.170226,-0.575489,-0.666823,-0.885866,-0.86915,-0.850268,-1.347501,-1.713979,-2.074629,-1.95758
73,Cloister,Girton,Cloister_Girton,1869,1901,1800s,1900s,NW_20,375*375,3347.679,1.162,1.197,1.752,130.605,0.515,0.258,0.299158,1.972825,5.465921,7.975455,9.247132,9.173554,8.525675,6.802111,4.438916,3.417525,2.611538,2.069887,1.361458,0.460958,0.172182,-0.36517,-0.460698,-0.827846,-0.567089,-0.562904,-1.129731,-1.503099,-1.809054,-1.61657
74,Woodlands,Girton,Woodlands_Girton,1869,1934,1800s,1900s,NW_20,375*375,3592.475,0.910,1.010,1.329,130.168,0.826,0.126,0.053282,1.73809,5.337626,8.03759,9.325068,9.464873,8.250094,6.529933,4.21132,3.141912,2.343301,1.788683,0.987698,0.042484,-0.162753,-0.631822,-0.764628,-0.985921,-0.919993,-0.900619,-1.451604,-1.818686,-2.150193,-1.965474
75,Ash,Girton,Ash_Girton,1869,2013,1800s,2000s,NW_20,375*375,760.892,2.229,1.500,2.549,131.253,0.000,0.000,-0.028943,1.523005,5.208807,7.473593,8.586102,8.778028,8.05628,6.250584,3.889104,2.882255,2.097259,1.552075,0.890724,-0.057653,-0.298047,-0.807403,-0.920459,-1.20636,-1.115444,-1.123369,-1.646283,-1.987035,-2.313595,-2.148733
76,Campbell,Girton,Campbell_Girton,1869,2004,1800s,2000s,NW_20,375*375,418.440,2.567,1.029,1.626,130.213,0.000,0.000,0.3472,1.866142,5.336168,7.796612,9.118624,9.371279,8.5266,6.534198,4.179696,3.098029,2.329216,1.793423,1.219369,0.354365,-0.035902,-0.563657,-0.692764,-0.845066,-0.837684,-0.880301,-1.457672,-1.815163,-2.099047,-1.929898
77,Front,Robinson,Front_Robinson,1977,1980,1900s,1900s,SW_21,225*225,707.126,2.955,1.150,2.751,55.767,0.000,0.000,0.448849,2.017116,5.363036,7.687268,8.825292,9.251714,8.551644,6.762427,4.269529,3.195586,2.43898,1.900639,1.129941,0.288789,0.09057,-0.419949,-0.524046,-0.71115,-0.825259,-0.800174,-1.281332,-1.631399,-2.065519,-1.949041
78,Hershel,Robinson,Hershel_Robinson,1977,1980,1900s,1900s,SW_21,225*225,236.628,6.767,1.651,8.792,104.139,0.000,0.000,0.888342,2.381863,5.617946,8.06923,9.251702,9.442765,9.049068,7.085357,4.500426,3.556257,2.806471,2.283513,1.597173,0.783215,0.637589,0.104906,-0.088423,-0.415662,-0.378363,-0.33901,-0.843881,-1.190533,-1.584088,-1.51108
79,Long,Robinson,Long_Robinson,1977,1980,1900s,1900s,SW_21,225*225,298.625,7.206,1.981,12.277,7.110,0.000,0.000,0.592026,2.157483,5.616362,7.933692,9.453459,9.525082,8.739503,6.954478,4.389212,3.40132,2.627683,2.1007,1.287325,0.430304,0.221699,-0.287562,-0.436264,-0.857841,-0.6156,-0.651953,-1.208495,-1.592436,-1.887612,-1.790445
80,Memorial,Clare,Memorial_Clare,1326,1986,1300s,1900s,SW_22,180*180,2461.406,2.013,1.183,3.118,0.445,0.636,0.216,0.060731,1.758665,5.367311,7.878666,9.292884,9.424015,8.378766,6.722078,4.276555,3.212187,2.411034,1.844539,0.993741,0.067739,-0.16683,-0.647817,-0.731451,-0.881671,-0.9058,-0.932337,-1.478218,-1.804078,-2.217261,-2.014293
81,Lerner,Clare,Lerner_Clare,1326,2008,1300s,2000s,SW_22,180*180,566.402,3.561,1.020,1.037,91.024,0.287,0.000,0.03705,1.716786,5.216454,7.566755,8.538173,8.894945,8.229858,6.560642,4.026744,2.988842,2.219028,1.664866,0.812945,-0.194531,-0.413152,-0.802112,-0.857428,-0.953058,-1.094329,-1.106228,-1.575174,-1.812023,-2.43306,-2.232561
82,Ashby,Clare,Ashby_Clare,1326,1986,1300s,1900s,SW_22,180*180,1094.484,2.793,1.156,1.171,0.326,0.264,0.155,-0.182448,1.536386,4.800115,7.474966,8.50441,8.86883,8.172409,6.480061,4.01078,2.948042,2.15579,1.587312,0.79179,-0.211398,-0.474191,-0.900989,-0.98256,-1.098,-1.159492,-1.182325,-1.751801,-2.099433,-2.468249,-2.252362
83,Thirkill,Clare,Thirkill_Clare,1326,1955,1300s,1900s,SW_22,180*180,1063.117,2.715,1.006,1.022,0.961,0.420,0.053,-0.03294,1.662767,5.163867,7.491476,8.469707,8.750599,8.152802,6.564938,4.102208,2.977977,2.159124,1.593404,0.900556,-0.062182,-0.366833,-0.901212,-0.99249,-1.152187,-1.161991,-1.184893,-1.750447,-2.109127,-2.416961,-2.207205
84,NA_E,Clare_Hall,NA_E_Clare_Hall,1966,1969,1900s,1900s,SW_23,120*120,143.152,4.448,1.345,2.712,14.143,0.000,0.000,-0.07144,1.611806,5.329041,7.872125,9.120119,9.573454,8.89035,6.871283,3.922859,2.808264,2.021916,1.457624,0.721782,-0.182597,-0.426814,-0.935267,-1.069351,-1.303286,-1.362309,-1.340412,-1.841517,-2.19669,-2.582317,-2.443137
85,NA_W1,Clare_Hall,NA_W1_Clare_Hall,1966,1969,1900s,1900s,SW_23,120*120,73.403,4.164,1.001,1.109,104.098,0.000,0.000,-0.148496,1.561804,5.323377,7.928192,9.091549,9.5558,8.847185,6.827024,3.875226,2.787013,2.011355,1.45101,0.620091,-0.318512,-0.504803,-0.918169,-1.040778,-1.316234,-1.388627,-1.354463,-1.832386,-2.184558,-2.582804,-2.477121
86,NA_W2,Clare_Hall,NA_W2_Clare_Hall,1966,1969,1900s,1900s,SW_23,120*120,55.083,4.481,1.014,1.398,104.163,0.000,0.000,-0.071045,1.62702,5.389096,7.955811,9.180314,9.63016,8.93785,6.923627,3.959126,2.845981,2.057824,1.492019,0.707242,-0.219741,-0.412506,-0.896598,-1.038178,-1.294905,-1.3606,-1.343205,-1.83915,-2.187043,-2.553337,-2.422583
87,NA_W3,Clare_Hall,NA_W3_Clare_Hall,1966,1969,1900s,1900s,SW_23,120*120,63.691,2.857,1.005,1.219,103.414,0.000,0.000,-0.334557,1.391465,5.172445,9.384933,11.838,11.459796,8.724687,6.719403,3.766227,2.625035,1.829756,1.258003,0.465837,-0.447808,-0.615912,-1.146077,-1.311847,-1.58952,-1.594666,-1.577144,-2.10292,-2.461485,-2.777795,-2.634322
88,Sidgwick_Hall,Newnham,Sidgwick_Hall_Newnham,1871,1956,1800s,1900s,SW_24,120*120,358.377,3.099,1.097,1.063,5.587,0.000,0.219,0.385618,2.123123,5.97935,8.647469,9.854701,10.152354,9.478862,7.420543,4.421916,3.403554,2.623306,2.072466,1.360396,0.444625,0.17431,-0.343227,-0.493404,-0.764493,-0.616212,-0.678662,-1.243053,-1.614308,-1.879393,-1.754517
89,Courtyard,Downing_Site,Courtyard_Downing_Site,1900,1930,1900s,1900s,CC_25,180*180,1968.587,2.072,1.001,1.040,69.900,0.386,0.188,0.221693,1.896032,5.403755,7.79499,8.846129,9.097094,8.492337,6.866703,4.303386,3.273682,2.484288,1.930807,1.117407,0.143385,-0.028371,-0.504011,-0.637874,-0.912249,-0.803291,-0.852248,-1.416991,-1.786171,-2.071178,-1.927775
90,Old_Cavendish,New_Museum_Site,Old_Cavendish_New_Museum_Site,1762,1874,1700s,1800s,CC_26,180*180,698.128,5.180,1.267,0.975,161.284,0.000,0.000,0.201406,1.8494,5.390231,7.868774,8.879876,9.11863,8.552636,6.788215,4.071186,3.11816,2.345179,1.796586,0.868699,-0.060249,-0.145673,-0.620239,-0.756984,-1.098241,-0.99351,-0.993545,-1.553624,-1.936083,-2.175816,-2.060759
91,Student_Service,New_Museum_Site,Student_Service_New_Museum_Site,1762,2015,1700s,2000s,CC_26,180*180,1008.844,6.811,1.157,1.053,70.406,0.000,0.000,0.168996,1.812791,5.320392,7.729929,8.8553,9.0814,8.478767,6.733377,4.028598,3.037731,2.233528,1.684073,0.907714,-0.047739,-0.207655,-0.727459,-0.875512,-1.230113,-1.047647,-1.041603,-1.613614,-2.005815,-2.198523,-2.032466
92,Zoology,New_Museum_Site,Zoology_New_Museum_Site,1762,2015,1700s,2000s,CC_26,180*180,1136.247,5.704,1.391,1.096,159.818,0.000,0.000,0.347796,1.98939,5.529927,7.912415,9.029387,9.303996,8.694741,6.909949,4.185636,3.21453,2.439545,1.890109,1.126825,0.196817,0.038181,-0.480632,-0.608324,-0.918559,-0.766268,-0.777592,-1.37165,-1.767,-2.04642,-1.90214
93,17_ML_E,Mill_Lane_Site,17_ML_E_Mill_Lane_Site,1830,1877,1800s,1800s,CC_27,120*120,590.026,3.526,1.118,1.099,159.141,0.000,0.000,-0.057276,1.713232,5.531857,8.002252,9.0441,9.375966,8.648439,6.762478,3.902008,2.908968,2.098334,1.53688,0.746319,-0.243734,-0.410155,-0.901889,-1.048966,-1.311246,-1.231984,-1.247389,-1.803916,-2.179127,-2.445925,-2.279839
94,17_ML_W,Mill_Lane_Site,17_ML_W_Mill_Lane_Site,1830,1960,1800s,1900s,CC_27,120*120,241.694,4.791,1.221,1.592,72.292,0.000,0.000,-0.048914,1.726211,5.561968,7.955095,9.437074,9.293609,8.637056,6.775164,3.898335,2.889541,2.072852,1.508947,0.7047,-0.255405,-0.356969,-0.895325,-1.048005,-1.365383,-1.297094,-1.288097,-1.814956,-2.188356,-2.490387,-2.347484
95,4_ML,Mill_Lane_Site,4_ML_Mill_Lane_Site,1830,1960,1800s,1900s,CC_27,120*120,788.122,3.856,1.872,1.312,72.670,0.000,0.000,-0.078101,1.72691,5.569645,8.452027,9.170574,9.294278,8.680302,6.794818,3.907763,2.90538,2.096096,1.533565,0.610942,-0.333385,-0.374585,-0.921881,-1.040678,-1.428118,-1.277888,-1.235938,-1.75891,-2.15467,-2.538567,-2.413331
96,Dept_Arch,Engineering_Site,Dept_Arch_Engineering_Site,1875,1959,1800s,1900s,CW_28,180*180,359.981,5.090,1.604,2.325,19.622,0.497,0.000,0.361306,2.108932,5.870679,8.528174,9.999865,9.993016,9.15182,7.13718,4.354622,3.407796,2.615843,2.065983,1.139892,0.173662,0.039832,-0.380162,-0.52112,-0.785278,-0.705629,-0.725881,-1.289042,-1.66776,-1.976559,-1.855439
97,Dept_Engr,Engineering_Site,Dept_Engr_Engineering_Site,1875,1952,1800s,1900s,CW_28,180*180,688.456,6.504,1.171,1.579,41.743,0.000,0.000,0.262679,2.032345,5.91309,8.880264,10.03725,10.00868,9.226446,7.166494,4.226073,3.341498,2.608499,2.075181,0.983621,0.061614,0.045933,-0.228977,-0.420523,-0.727427,-0.682579,-0.693758,-1.216181,-1.599081,-2.040313,-1.973732
98,Raised_Building,Sidwick_Site,Raised_Building_Sidwick_Site,1952,1961,1900s,1900s,SW_29,150*150,2221.087,1.530,1.067,2.043,88.011,0.698,0.177,-0.079949,1.660615,5.288763,7.852854,9.633697,9.306094,8.67433,6.857052,4.255875,3.253299,2.454495,1.895088,0.849532,-0.075798,-0.133825,-0.58989,-0.730744,-1.224368,-0.797546,-0.839402,-1.449693,-1.837987,-2.112747,-2.003915
99,Criminology,Sidwick_Site,Criminology_Sidwick_Site,1952,2005,1900s,2000s,SW_29,150*150,1127.072,2.991,1.080,2.760,178.360,0.492,0.406,0.463599,2.140332,5.801055,8.367762,10.150864,9.991593,9.161806,7.394618,4.665734,3.610362,2.810953,2.260116,1.34562,0.475828,0.260728,-0.219411,-0.357092,-0.570393,-0.442845,-0.487115,-1.057266,-1.425821,-1.766823,-1.609416
100,Whittle_Lab_N,West_Cam_Site,Whittle_Lab_N_West_Cam_Site,1966,1969,1900s,1900s,NW_30,225*225,71.824,1.985,1.001,1.085,98.598,0.000,0.000,-1.182927,0.727706,5.166042,9.399957,10.250874,9.449762,7.855241,5.842118,2.926507,1.830335,1.022636,0.448972,-0.37546,-1.338409,-1.479151,-2.001219,-2.139801,-2.294643,-2.349652,-2.334079,-2.874704,-3.226226,-3.594283,-3.397286
101,Whittle_Lab_S,West_Cam_Site,Whittle_Lab_S_West_Cam_Site,1966,1969,1900s,1900s,NW_30,225*225,103.372,1.388,1.038,1.731,98.668,0.000,0.000,-1.092371,0.795637,4.764683,7.313202,8.573345,8.754123,7.994118,5.96187,3.022005,1.904987,1.089841,0.517034,-0.257434,-1.207094,-1.388537,-1.922803,-2.073195,-2.240827,-2.267094,-2.247714,-2.804574,-3.165763,-3.474726,-3.273954
102,Whilliam_Gates_N,West_Cam_Site,Whilliam_Gates_N_West_Cam_Site,1966,2001,1900s,2000s,NW_30,225*225,511.624,2.541,1.041,1.771,107.080,0.000,0.446,0.763007,2.383993,6.13458,8.707661,9.924426,10.139717,9.500756,7.528343,4.735429,3.798707,3.052898,2.512758,1.786371,0.85573,0.590052,0.170235,0.018429,-0.237586,-0.139727,-0.204727,-0.750105,-1.082817,-1.393567,-1.289496
103,Whilliam_Gates_S,West_Cam_Site,Whilliam_Gates_S_West_Cam_Site,1966,2001,1900s,2000s,NW_30,225*225,698.564,2.106,1.008,1.297,107.099,0.000,0.316,0.462953,2.148694,5.908532,8.419853,9.61498,9.911718,9.187797,7.240931,4.49064,3.51448,2.757508,2.214577,1.449835,0.513444,0.292288,-0.194857,-0.331124,-0.587713,-0.477346,-0.531238,-1.073172,-1.408304,-1.690364,-1.552732
104,Rodger_Needham,West_Cam_Site,Rodger_Needham_West_Cam_Site,1966,1997,1900s,1900s,NW_30,225*225,365.325,4.561,1.038,1.726,107.136,0.000,0.430,-1.182927,0.727706,5.166042,9.399957,10.250874,9.449762,7.855241,5.842118,2.926507,1.830335,1.022636,0.448972,-0.37546,-1.338409,-1.479151,-2.001219,-2.139801,-2.294643,-2.349652,-2.334079,-2.874704,-3.226226,-3.594283,-3.397286
105,Alan_Reece,West_Cam_Site,Alan_Reece_West_Cam_Site,1966,2009,1900s,2000s,NW_31,120*120,433.239,6.310,1.000,1.000,9.204,0.000,0.178,0.19287,2.06138,6.123129,8.755546,9.827314,10.163585,9.344049,7.233076,4.187714,3.155639,2.38468,1.835365,1.026479,0.069539,-0.251446,-0.625227,-0.653516,-0.849281,-0.832624,-0.881671,-1.402335,-1.754231,-2.162617,-2.084998
106,AVEVA_Group,West_Cam_Site,AVEVA_Group_West_Cam_Site,1966,1967,1900s,1900s,NW_32,120*120,564.136,1.971,1.391,1.367,17.835,0.470,0.100,-0.004867,1.705245,5.537567,8.23572,9.285354,9.753519,8.835716,6.9403,4.097421,3.032923,2.233293,1.666496,0.831681,-0.109444,-0.298412,-0.719735,-0.854513,-1.100592,-1.106763,-1.09998,-1.613337,-1.969649,-2.311973,-2.182306
107,British_Antarctic,West_Cam_Site,British_Antarctic_West_Cam_Site,1966,1975,1900s,1900s,NW_33,120*120,865.898,1.434,1.000,1.037,21.094,0.000,0.433,0.442055,2.117232,5.790715,8.52388,9.842837,10.239987,9.524368,7.63116,4.58616,3.55921,2.777302,2.213015,1.3276,0.393271,0.232071,-0.232353,-0.396299,-0.669144,-0.501323,-0.580413,-1.127239,-1.490192,-1.768839,-1.669616