ID_c,N_c,N_clg,N_c_clg,Y_clg,Y_c,C_clg,C_c,ID_s,SQM,CA,VAR,SI,HAR,LAT,VC_c_2d,VC_c_3d,AVG(UTCI)_5:00,AVG(UTCI)_6:00,AVG(UTCI)_7:00,AVG(UTCI)_8:00,AVG(UTCI)_9:00,AVG(UTCI)_10:00,AVG(UTCI)_11:00,AVG(UTCI)_12:00,AVG(UTCI)_13:00,AVG(UTCI)_14:00,AVG(UTCI)_15:00,AVG(UTCI)_16:00,AVG(UTCI)_17:00,AVG(UTCI)_18:00,AVG(UTCI)_19:00,AVG(UTCI)_20:00,AVG(UTCI)_21:00,AVG(UTCI)_22:00,AVG(UTCI)_23:00,AVG(UTCI)_0:00,AVG(UTCI)_1:00,AVG(UTCI)_2:00,AVG(UTCI)_3:00,AVG(UTCI)_4:00
1,First,Christs,First_Christs,1437,1448,1400s,1400s,CE_01,150*150,1317.567,1.350,1.003,0.980,43.703,0.479,0.021,16.410161,19.802441,25.434173,30.345521,33.311503,35.501429,36.974541,37.515614,38.391625,39.443233,38.573356,37.123717,33.812189,30.350521,27.360791,25.681302,21.082051,19.807249,18.726263,18.065974,17.741724,17.45644,16.796513,16.158976
2,Front,Emmanuel,Front_Emmanuel,1584,1634,1500s,1600s,CE_02,150*150,1344.268,1.433,1.005,1.266,62.415,0.518,0.000,16.520049,19.34217,24.846385,29.426517,32.344936,34.857196,36.63725,37.751075,38.362943,39.185363,38.377525,37.01313,33.327708,29.894579,27.403058,25.762867,21.384255,19.987636,18.909894,18.241049,17.848552,17.574559,16.93898,16.298553
3,New,Emmanuel,New_Emmanuel,1584,1824,1500s,1800s,CE_02,150*150,747.716,1.864,1.004,1.288,61.821,0.298,0.000,16.502101,19.498345,24.498182,29.009186,32.615166,35.15433,37.160423,38.413946,38.973843,39.317681,37.994513,36.409605,32.951403,29.935728,27.517818,25.662464,21.461207,20.04784,18.995247,18.333488,17.932951,17.643419,17.021382,16.372412
4,Cloister,Sidney_Sussex,Cloister_Sidney_Sussex,1596,1891,1500s,1800s,CE_03,180*180,1485.053,2.518,1.015,1.096,152.890,0.849,0.694,17.081856,19.342231,23.228953,27.52246,30.087593,32.556695,34.080264,35.083557,36.088519,36.447737,35.572123,34.388521,31.640058,29.256001,27.364856,25.972603,21.252943,20.163368,19.251322,18.602353,18.317997,18.050225,17.42535,16.80931
5,Hall,Sidney_Sussex,Hall_Sidney_Sussex,1596,1596,1500s,1500s,CE_03,180*180,615.296,3.031,1.002,0.998,152.684,0.504,0.000,16.551199,19.13964,23.361961,27.734413,30.913398,33.624624,35.734299,37.101015,38.339662,39.218526,38.26635,36.273795,32.333257,29.563595,27.235988,25.641667,21.298604,19.962537,18.878226,18.232508,17.880594,17.603056,16.961814,16.329549
6,Chapel,Sidney_Sussex,Chapel_Sidney_Sussex,1596,1596,1500s,1500s,CE_03,180*180,530.760,3.875,1.003,1.089,59.579,0.510,0.000,16.569196,19.160959,23.379278,27.645901,30.837875,33.706924,35.921023,37.054447,38.133003,39.163575,38.655539,37.480626,32.986792,29.590354,27.26592,25.658817,21.329881,19.985685,18.879828,18.234734,17.889378,17.60318,16.962824,16.328886
7,South,Sidney_Sussex,South_Sidney_Sussex,1596,1910,1500s,1900s,CE_03,180*180,592.153,6.130,1.528,1.098,38.911,0.232,0.000,16.449173,19.299002,23.3132,26.974296,29.937173,33.186728,35.11494,37.36909,37.936155,38.665273,37.217644,35.758175,32.272829,29.674252,27.274294,25.484341,21.238044,19.912226,18.922154,18.272958,17.896542,17.599475,16.97228,16.337643
8,Staff,Sidney_Sussex,Staff_Sidney_Sussex,1596,1596,1500s,1500s,CE_03,180*180,261.006,9.406,1.629,8.062,156.441,0.000,0.000,16.435056,19.408011,23.275518,26.966765,29.934107,32.865337,35.316267,37.078105,38.020293,39.287613,36.850871,34.986612,32.049406,29.876426,27.357066,25.394153,21.309352,20.015109,18.931961,18.306778,17.920903,17.617017,17.009706,16.372347
9,Cloister,Jesus,Cloister_Jesus,1496,1245,1400s,1200s,CE_04,120*120,338.559,7.112,1.005,1.212,3.395,1.000,0.000,16.679955,19.356972,23.266426,27.880034,30.921396,33.324903,35.570224,36.618784,37.257803,36.985294,35.554129,34.079675,31.077599,29.014374,26.974331,25.677003,21.45101,20.046683,19.023448,18.361192,17.97865,17.689726,17.055475,16.418962
10,West,Jesus,West_Jesus,1496,2015,1400s,2000s,CE_05,150*150,1175.856,2.047,1.053,1.884,96.593,0.096,0.199,16.659157,19.305029,24.995815,29.300272,32.429713,34.908016,36.78688,37.951535,38.381145,38.278814,36.743543,35.321111,33.100658,29.873034,27.441984,25.699143,21.184549,19.883686,19.002492,18.343829,18.0052,17.846386,17.195502,16.585387
11,Whewell_W,Trinity,Whewell_W_Trinity,1546,1860,1500s,1800s,CC_06,180*180,160.832,6.688,1.078,1.900,71.928,0.000,0.000,16.465191,19.431272,23.266918,26.728479,29.516829,32.053056,35.26746,36.910163,37.376429,38.223652,36.855189,34.671249,32.186331,29.880666,27.215679,25.378447,21.386095,20.023291,18.999496,18.378427,17.984606,17.692802,17.110036,16.466454
12,Whewell_E,Trinity,Whewell_E_Trinity,1546,1860,1500s,1800s,CC_06,180*180,704.317,3.208,1.031,1.667,51.590,0.000,0.000,16.343091,19.28284,24.028512,28.678948,32.274215,35.021665,37.424063,38.756057,39.552127,40.07928,38.657159,35.815411,32.098977,29.683742,27.231276,25.4683,21.243295,19.933357,18.869496,18.223468,17.846254,17.549182,16.927511,16.294367
13,Corfield_S,St_Johns,Corfield_S_St_Johns,1511,1879,1500s,1800s,CC_06,180*180,376.404,4.445,1.401,1.947,119.066,0.000,0.000,16.398867,19.164307,25.010579,29.64429,32.475948,34.854352,36.935399,38.083613,38.247712,37.849897,36.511793,33.991185,32.001442,29.654213,26.988048,25.399973,21.134083,19.925585,18.772249,18.145455,17.760747,17.514374,16.920366,16.289267
14,Corfield_N,St_Johns,Corfield_N_St_Johns,1511,1879,1500s,1800s,CC_06,180*180,409.501,6.769,2.192,0.870,44.883,0.118,0.000,16.425884,19.254789,23.211461,27.596182,30.884331,33.487677,35.271481,36.879765,37.691183,37.890443,36.517769,34.198018,31.80775,29.643921,27.081561,25.394066,21.026033,19.905713,18.919017,18.275426,17.905158,17.609894,16.99063,16.364337
15,St_Michael,Gonville_Caius,St_Michael_Gonville_Caius,1348,1903,1300s,1900s,CC_07,150*150,1156.548,4.038,1.966,0.361,42.350,0.385,0.049,16.508715,19.422347,23.306637,27.680395,30.541673,33.445115,35.240766,37.192783,37.563122,38.051646,37.112476,36.249985,33.036897,29.808822,27.2777,25.546856,21.183647,19.915378,18.917268,18.28063,17.893253,17.619737,17.004599,16.365519
16,New,Corpus_Cristi,New_Corpus_Cristi,1349,1823,1300s,1800s,CC_08,180*180,1847.368,1.863,1.010,1.213,171.770,0.596,0.000,16.439377,19.019906,24.435567,28.924244,31.551705,33.952089,35.989842,37.388994,38.046907,38.024636,37.170753,35.95274,32.759389,29.48306,27.173128,25.604188,21.148485,19.883163,18.827793,18.170936,17.817363,17.544294,16.895311,16.266828
17,Old,Corpus_Cristi,Old_Corpus_Cristi,1349,1352,1300s,1300s,CC_08,180*180,837.147,3.381,1.022,1.478,79.722,0.469,0.000,16.523258,19.189717,24.338445,28.799994,31.309874,33.849574,35.839084,37.086463,37.305641,37.785965,36.972363,36.023315,33.005067,29.47939,27.232153,25.544126,21.322365,19.919061,18.879878,18.234147,17.893822,17.604217,16.968178,16.33929
18,Library,Corpus_Cristi,Library_Corpus_Cristi,1349,1960,1300s,1900s,CC_08,180*180,223.719,6.973,1.301,4.315,171.550,0.000,0.000,16.402079,19.45311,23.290204,26.726188,29.387528,31.58037,35.780611,38.460827,37.608905,37.832059,36.084084,34.242072,32.320832,30.062624,27.355959,25.306062,21.251068,19.9662,18.910895,18.283921,17.908603,17.605278,16.99416,16.368
19,Stable,Corpus_Cristi,Stable_Corpus_Cristi,1349,1920,1300s,1900s,CC_08,180*180,70.044,10.279,1.008,1.294,92.974,0.000,0.000,16.431352,19.505309,23.309799,26.71751,29.369286,31.583154,33.806663,35.549337,36.503692,36.857547,35.695476,34.299505,32.361668,30.092974,27.313422,25.263962,21.371445,19.99296,18.974364,18.348781,17.957138,17.65504,17.049334,16.427136
20,NA_E,Corpus_Cristi,NA_E_Corpus_Cristi,1349,1960,1300s,1900s,CC_08,180*180,91.866,10.737,1.289,2.104,109.475,0.000,0.000,16.43209,19.516548,23.301858,26.692967,29.290262,31.448571,33.124403,34.794685,35.618502,37.119443,35.638309,34.309853,32.317925,29.98427,27.195719,25.303069,21.315786,20.027961,19.093799,18.469083,18.031795,17.737477,17.177801,16.529209
21,NA_W,Corpus_Cristi,NA_W_Corpus_Cristi,1349,1960,1300s,1900s,CC_08,180*180,35.087,11.326,1.048,1.857,172.101,0.000,0.000,16.414291,19.51238,23.226996,26.538745,29.161682,31.275777,32.825193,35.854036,34.856557,35.514984,35.367774,34.254465,32.141114,29.825803,26.955092,24.951522,21.550792,20.035749,19.057177,18.455227,18.008551,17.716646,17.165668,16.526078
22,Old,Pembroke,Old_Pembroke,1347,1614,1300s,1600s,CC_09,150*150,1071.035,1.794,1.005,1.421,153.653,0.530,0.000,16.393609,19.860784,24.755227,29.340318,32.249371,34.602727,36.165662,37.057839,37.869302,38.74606,37.894075,36.193027,32.699892,29.73827,27.28864,25.623967,21.067399,19.837256,18.877649,18.19825,17.886865,17.587632,16.927308,16.308704
23,Ivy,Pembroke,Ivy_Pembroke,1347,1616,1300s,1600s,CC_09,150*150,1022.986,2.025,1.053,1.347,62.200,0.456,0.010,16.491283,20.398526,25.691652,30.367618,32.823835,34.832248,36.664448,37.732785,37.936603,38.236632,37.18736,35.954476,32.554031,29.477329,27.27461,25.570505,21.219828,19.838855,18.84785,18.160259,17.878516,17.597348,16.948334,16.335758
24,Chimney,Pembroke,Chimney_Pembroke,1347,1920,1300s,1900s,CC_09,150*150,105.834,18.266,1.224,1.455,71.913,0.000,0.000,16.516165,19.545242,23.333362,26.691805,29.930622,31.688789,33.774535,34.438878,35.331895,36.524249,36.062875,34.38413,32.438786,30.152294,27.343462,25.232649,21.586581,20.167461,19.123883,18.560805,18.012039,17.733483,17.319171,16.554695
25,Old,Peterhouse,Old_Peterhouse,1280,1290,1200s,1200s,CW_10,150*150,1193.130,2.071,1.038,1.821,70.785,0.426,0.000,16.4893,19.805096,24.766391,28.973247,31.456135,33.932298,36.132665,37.204555,37.615027,38.254318,37.397266,36.250195,32.785596,29.50579,27.118193,25.509585,21.398934,19.921043,18.793285,18.143599,17.787907,17.545288,16.90002,16.280106
26,Gisborne,Peterhouse,Gisborne_Peterhouse,1280,1826,1200s,1800s,CW_10,150*150,734.957,2.491,1.001,1.130,159.268,0.369,0.111,16.615189,19.19323,23.27266,27.585583,30.634605,33.387656,35.405774,36.655027,37.580666,38.464445,36.761067,35.574412,32.417786,29.622679,27.157009,25.620307,21.256558,19.996424,18.973813,18.326511,17.899919,17.657549,17.050254,16.405873
27,Main,St_Catherine,Main_St_Catherine,1473,1935,1400s,1900s,CW_11,225*225,2475.782,1.331,1.090,2.228,78.544,0.539,0.056,16.406022,20.884761,26.101836,30.224786,32.516369,34.555169,36.015883,37.213835,37.825512,38.335522,37.636369,36.779305,33.694875,30.06191,27.179655,25.6808,21.150688,19.797444,18.698302,18.020451,17.785722,17.503472,16.835695,16.225588
28,Sherlock,St_Catherine,Sherlock_St_Catherine,1473,1935,1400s,1900s,CW_11,225*225,745.751,3.538,1.037,1.342,163.942,0.422,0.285,16.796537,19.417534,23.073714,26.569342,29.795551,32.826181,34.80061,36.263531,36.647409,37.776775,36.40515,34.705651,31.862459,29.523095,27.239636,25.751796,21.517153,20.243372,19.255676,18.618964,18.205795,17.915363,17.307951,16.666858
29,Chapel,St_Catherine,Chapel_St_Catherine,1473,1936,1400s,1900s,CW_11,225*225,389.336,9.052,1.545,0.695,160.408,0.000,0.186,16.451217,19.47613,24.940702,28.121243,30.929301,33.228973,35.264493,36.726088,37.459538,38.381829,36.650031,35.941618,33.98862,29.859297,27.201592,25.387313,20.796212,19.669129,18.909673,18.237166,18.018068,17.7003,17.028514,16.450071
30,Old,Queens,Old_Queens,1465,1448,1400s,1400s,CW_11,225*225,765.466,2.232,1.003,1.146,79.488,0.000,0.000,16.305176,19.338184,24.646504,29.278533,32.789207,35.240149,37.586371,39.094496,39.268373,39.713384,38.536133,37.26316,33.469139,29.762567,27.275536,25.522693,21.179131,19.839852,18.782554,18.132722,17.779283,17.475002,16.838836,16.203483
31,Cloister,Queens,Cloister_Queens,1465,1490,1400s,1400s,CW_11,225*225,559.921,1.650,0.991,1.245,70.401,0.000,0.050,16.307596,19.259692,24.218449,29.258284,33.011219,35.667504,37.858984,39.406559,39.579853,40.177145,39.108844,37.136975,34.886053,29.932582,27.231063,25.50131,21.004096,19.719466,18.712102,18.055681,17.703413,17.408916,16.769512,16.127623
32,Pump,Queens,Pump_Queens,1465,1680,1400s,1600s,CW_11,225*225,147.624,4.155,1.061,1.658,68.325,0.000,0.000,16.405735,19.466391,23.337336,26.81481,29.543963,31.855769,35.426066,37.177367,37.475484,38.547803,36.34105,34.491161,32.649038,29.84399,27.233881,25.442719,21.236674,19.913693,18.884019,18.240942,17.879647,17.579323,16.957235,16.326263
33,Walnut_Tree,Queens,Walnut_Tree_Queens,1465,1620,1400s,1600s,CW_11,225*225,1401.403,1.571,1.074,1.362,81.482,0.508,0.183,16.560891,19.230859,24.128979,28.501117,31.22239,33.438356,35.662834,37.288291,38.308896,38.731892,37.847331,36.114021,33.741799,29.658152,27.237113,25.698727,21.035431,19.736871,18.776836,18.109943,17.921691,17.640017,16.971504,16.377292
34,Friars,Queens,Friars_Queens,1465,1885,1400s,1800s,CW_11,225*225,1324.834,1.731,1.231,1.692,81.776,0.527,0.000,16.524208,19.127388,24.358832,28.583082,31.200775,33.707948,35.967849,37.552062,38.21994,38.781664,37.809003,36.581853,32.979015,29.626937,27.111275,25.629433,21.04147,19.891839,18.874377,18.222004,17.889627,17.611839,16.971071,16.341282
35,Front,Kings,Front_Kings,1441,1820,1400s,1800s,CW_12,270*270,6713.947,1.032,1.000,1.066,175.800,0.616,0.000,16.27348,21.424396,26.901179,31.483682,33.243745,35.14562,36.460392,37.595019,38.512135,38.429385,37.854643,36.808069,34.115888,30.302361,27.149275,25.665987,20.667753,19.478848,18.479342,17.763691,17.666174,17.371697,16.645171,16.07679
36,Chetwynd,Kings,Chetwynd_Kings,1441,1870,1400s,1800s,CW_12,270*270,486.260,3.766,1.045,1.237,175.846,0.000,0.000,16.402149,19.579811,23.473441,27.641252,31.922753,34.282783,36.417409,37.625377,38.171842,38.524055,37.239928,35.679895,32.400222,30.00608,27.372226,25.500147,21.357373,20.015358,18.939549,18.290315,17.912295,17.60467,16.970346,16.339235
37,Webbs,Kings,Webbs_Kings,1441,1908,1400s,1900s,CW_12,270*270,1042.880,2.777,1.150,2.525,85.516,0.103,0.027,16.369797,20.085833,26.615038,30.395474,32.63224,34.98117,36.906419,38.506644,38.556836,39.127694,38.298761,37.407715,35.109632,30.442777,27.315117,25.647894,21.235326,19.762512,18.665741,17.988525,17.759985,17.472636,16.801487,16.205132
38,Provosts,Kings,Provosts_Kings,1441,1890,1400s,1800s,CW_12,270*270,1740.280,1.819,1.056,1.161,176.074,0.912,0.244,16.861999,19.243534,23.871757,28.435807,30.790772,33.008702,35.111832,36.273895,36.807512,37.182509,36.157757,34.358107,31.755413,29.344818,27.299214,25.907438,21.478758,20.240085,19.192707,18.534612,18.178593,17.919619,17.282716,16.654754
39,Tree,Gonville_Caius,Tree_Gonville_Caius,1348,1853,1300s,1800s,CW_13,375*375,1800.298,1.750,1.120,1.809,16.361,0.729,0.490,17.009549,19.298002,23.098299,26.762454,29.542829,31.94164,34.220172,35.781477,36.136929,37.029917,36.154649,34.847697,32.14462,29.340704,27.131765,25.847164,21.320715,20.256826,19.289942,18.652285,18.301684,18.030005,17.413991,16.779811
40,Gonville,Gonville_Caius,Gonville_Gonville_Caius,1348,1441,1300s,1400s,CW_13,375*375,655.790,2.349,1.004,1.035,5.546,0.426,0.000,16.577812,19.155705,24.514581,29.470072,31.739328,33.742396,35.57008,36.99666,37.084973,37.300573,36.149201,34.90463,31.556775,29.234252,26.993625,25.530225,21.366113,20.032228,18.973332,18.329928,17.972439,17.678502,17.045926,16.412379
41,Caius,Gonville_Caius,Caius_Gonville_Caius,1348,1565,1300s,1500s,CW_13,375*375,985.655,1.799,1.062,1.314,1.763,0.402,0.000,16.424121,19.129021,24.633571,30.097901,32.757491,34.660978,36.584049,37.936918,38.24843,38.897198,37.80893,36.115022,32.488503,29.250265,27.008527,25.567622,20.999171,19.872033,18.854431,18.195095,17.85577,17.571058,16.916394,16.290525
42,Masters,Gonville_Caius,Masters_Gonville_Caius,1348,1717,1300s,1700s,CW_13,375*375,801.222,1.699,1.036,1.333,2.835,0.698,0.719,17.253003,19.541636,23.020182,26.406465,29.173423,31.511471,33.454285,34.68864,35.063061,35.95054,35.16563,33.649233,31.414689,29.168729,27.189841,25.917969,21.790633,20.473478,19.487046,18.852325,18.512728,18.236756,17.618422,16.999255
43,Front,Trinity_Hall,Front_Trinity_Hall,1350,1872,1300s,1800s,CW_13,375*375,849.939,1.926,1.018,1.438,91.541,0.520,0.000,16.588104,19.084641,24.395581,28.676149,31.329221,33.555874,35.652147,36.956651,37.294811,38.698274,37.984965,36.728564,33.745147,29.46767,27.027097,25.608569,21.319776,19.943625,18.912377,18.26099,17.931379,17.645071,16.996747,16.371326
44,North,Trinity_Hall,North_Trinity_Hall,1350,1952,1300s,1900s,CW_13,375*375,414.813,3.370,1.321,3.412,91.821,0.000,0.324,16.802169,19.489528,23.583318,26.915986,29.534112,32.208391,34.257506,35.355946,35.639987,36.589698,35.506289,34.359647,32.597006,29.514247,27.087371,25.54128,21.531183,20.179116,19.205594,18.570942,18.230016,17.934359,17.30412,16.698967
45,Avery,Trinity_Hall,Avery_Trinity_Hall,1350,1864,1300s,1800s,CW_13,375*375,287.248,3.854,1.097,1.188,25.344,0.445,0.000,16.532402,19.154228,22.721248,25.970603,29.894107,32.807186,35.619502,37.531512,37.670913,39.14605,37.839869,36.221809,32.106285,29.360551,26.988993,25.503565,21.343941,19.955716,18.908332,18.268102,17.932979,17.644506,17.010718,16.377714
46,Cherry_Tree,Trinity_Hall,Cherry_Tree_Trinity_Hall,1350,1890,1300s,1800s,CW_13,375*375,496.876,1.685,1.009,1.109,4.335,0.130,0.134,16.480983,19.141628,24.235575,29.383514,32.435291,34.53464,36.661225,37.77043,38.980449,40.513316,39.225703,37.589818,34.143128,31.103989,27.064686,25.564973,21.066497,19.794153,18.782826,18.12143,17.856188,17.565673,16.902603,16.278247
47,Old,Clare,Old_Clare,1326,1715,1300s,1700s,CW_13,375*375,1549.541,1.536,1.022,1.339,86.532,0.690,0.000,16.600207,19.234156,24.767915,29.084648,31.383245,33.567111,35.622415,36.814486,36.689182,37.336259,36.55823,35.701333,32.551023,29.140449,27.028596,25.684465,21.345593,19.953688,18.897656,18.240414,17.929913,17.662212,17.015343,16.392895
48,Angel_N,Trinity,Angel_N_Trinity,1546,1959,1500s,1900s,CW_13,375*375,406.865,5.269,1.449,0.923,133.647,0.000,0.000,16.315964,19.108993,22.880426,26.323484,30.321812,33.23759,35.874128,37.436405,38.408972,39.496477,38.179508,36.111954,32.467992,29.545342,26.909856,25.290189,20.952688,19.832651,18.842908,18.199571,17.817461,17.530851,16.91311,16.282293
49,Angel_S,Trinity,Angel_S_Trinity,1546,1959,1500s,1900s,CW_13,375*375,598.934,2.997,1.157,1.761,27.674,0.327,0.229,16.760785,19.281124,22.900544,26.342626,29.722873,32.420949,34.730415,36.157706,36.903384,37.715377,36.610637,34.752229,31.829571,29.314216,27.052679,25.632072,21.473412,20.139777,19.111023,18.470723,18.138018,17.85,17.22359,16.596429
50,Great,Trinity,Great_Trinity,1546,1608,1500s,1600s,CW_13,375*375,8230.750,0.862,1.017,1.226,10.731,0.458,0.000,16.136557,21.389771,26.5046,31.333368,33.458639,35.29107,36.874923,37.957269,38.713447,39.086249,38.556412,37.397225,34.600202,30.691393,26.896851,25.448468,20.130636,19.144826,18.305191,17.578806,17.538559,17.223921,16.463939,15.917755
51,Neviles,Trinity,Neviles_Trinity,1546,1750,1500s,1700s,CW_13,375*375,2906.737,1.309,1.032,1.601,101.878,0.758,0.000,16.561248,19.376784,24.059269,29.045493,31.203661,33.84038,35.502026,36.938418,37.36175,36.970268,36.302107,35.718849,32.900552,29.969381,27.052489,25.648819,21.112418,19.848646,18.833096,18.163629,17.929574,17.637619,16.962125,16.363119
52,New,Trinity,New_Trinity,1546,1825,1500s,1800s,CW_13,375*375,2272.691,1.234,1.026,1.145,20.376,0.362,0.138,16.491899,19.954837,25.707495,30.128849,32.512482,34.751467,36.652776,37.905427,38.41688,38.96434,38.087058,36.634402,34.048391,30.218553,27.052046,25.575602,20.796649,19.655417,18.732705,18.055783,17.848157,17.555157,16.872112,16.269385
53,First,St_Johns,First_St_Johns,1511,1511,1500s,1500s,CW_14,225*225,2288.323,2.263,1.017,1.410,29.476,0.633,0.000,16.609468,19.409576,24.149395,29.135985,31.81323,34.071959,35.8441,37.154066,37.608927,38.382363,37.218491,35.926458,32.500376,29.275546,27.166714,25.677731,21.308703,20.008517,18.950463,18.295888,17.913913,17.64156,17.01425,16.376579
54,Second,St_Johns,Second_St_Johns,1511,1599,1500s,1500s,CW_14,225*225,2068.646,1.534,0.986,1.205,119.897,0.365,0.000,16.388188,19.058835,25.056622,30.059731,32.967796,35.258336,36.961911,37.82858,38.346317,38.783646,37.82844,36.536359,33.511083,29.865053,27.130897,25.573574,20.939537,19.733421,18.798032,18.137401,17.797409,17.511685,16.870693,16.229697
55,Third,St_Johns,Third_St_Johns,1511,1672,1500s,1600s,CW_14,225*225,881.932,3.460,1.024,1.522,23.306,0.305,0.000,16.473163,19.151736,23.162218,27.936469,31.405065,34.309576,36.606319,37.793262,38.46924,38.675851,37.331787,35.823662,32.164184,29.475921,27.156264,25.569906,21.340376,19.981261,18.942844,18.2979,17.886322,17.602603,16.984058,16.335526
56,Chapel,St_Johns,Chapel_St_Johns,1511,1960,1500s,1900s,CW_14,225*225,1809.752,2.340,1.094,1.536,29.663,0.324,0.031,16.529856,19.286907,23.809354,27.940426,30.695943,33.188017,35.627266,37.694211,38.414954,38.976843,37.746605,36.352418,33.00419,29.496533,27.13087,25.575275,21.218916,19.965747,18.932726,18.286925,17.887603,17.612754,16.990174,16.346776
57,New,St_Johns,New_St_Johns,1511,1831,1500s,1800s,CW_15,180*180,1569.635,2.228,1.304,4.123,107.094,0.621,0.000,16.525665,19.351233,24.482827,29.493083,31.92719,34.501144,35.909539,36.663661,37.565433,38.169203,37.323251,35.986452,33.024287,29.731249,27.205694,25.664371,21.212748,19.827523,18.834953,18.166604,17.90139,17.610098,16.947141,16.335607
58,Upper_River,St_Johns,Upper_River_St_Johns,1511,1964,1500s,1900s,CW_15,180*180,3010.150,1.441,1.179,1.664,151.257,0.741,0.104,16.579907,19.369947,24.382761,29.356281,31.751667,33.956812,35.451914,36.552467,37.089337,37.214237,36.524782,35.616237,32.887184,29.980783,27.219013,25.732231,20.991973,19.741701,18.844998,18.150852,17.972871,17.684245,17.001608,16.414154
59,First,Magdelene,First_Magdelene,1428,1542,1400s,1500s,CW_16,120*120,832.892,1.976,1.013,1.478,47.234,0.545,0.000,16.545455,19.386142,24.17958,28.452119,31.537393,34.46643,36.729588,37.692729,38.475335,39.268447,37.739016,35.9657,32.563018,29.752471,27.32331,25.69208,21.444674,20.03775,18.938634,18.284887,17.885742,17.608516,16.985695,16.340385
60,Cripps,Magdelene,Cripps_Magdelene,1428,2005,1400s,2000s,NW_17,120*120,680.589,1.970,1.014,1.156,144.681,0.438,0.240,16.82186,19.572125,23.297093,27.266211,30.789093,33.841073,35.636533,36.79019,37.249843,37.684179,35.991053,34.222137,31.634456,29.431015,27.302963,25.781865,21.554,20.279544,19.215431,18.575832,18.147556,17.876717,17.284438,16.639331
61,Fountain,Murray_Edwards,Fountain_Murray_Edwards,1964,1964,1900s,1900s,NW_18,120*120,725.975,3.936,1.025,1.008,120.530,0.264,0.000,16.396863,19.38178,24.837038,28.66098,31.882341,34.779733,36.601591,37.375064,38.295693,39.1286,38.130008,36.175285,32.875401,29.518968,27.063619,25.48478,21.202775,19.839462,18.806883,18.161406,17.752973,17.477294,16.857185,16.216617
62,Cowan,Churchill,Cowan_Churchill,1958,1968,1900s,1900s,NW_19,375*375,409.933,7.409,1.000,1.027,114.022,0.000,0.000,16.560429,19.197934,23.006515,27.592085,31.415454,34.255438,36.471226,37.661891,37.725918,37.995672,36.233637,34.69147,31.415011,29.297716,26.845858,25.34564,21.441127,20.090125,18.991232,18.360723,17.974454,17.668714,17.053382,16.425418
63,NA_E1,Churchill,NA_E1_Churchill,1958,1968,1900s,1900s,NW_19,375*375,528.682,3.700,1.083,1.033,27.948,0.000,0.193,16.688919,19.319844,24.203473,28.939195,32.050835,34.41479,35.886855,36.813759,37.951011,38.927759,37.560592,35.053952,32.578029,29.313383,26.899127,25.508031,21.546884,20.147971,19.166426,18.52094,18.099918,17.828926,17.239012,16.592837
64,NA_E2,Churchill,NA_E2_Churchill,1958,1968,1900s,1900s,NW_19,375*375,283.520,4.049,0.999,1.037,114.573,0.000,0.000,16.379295,19.071012,24.177337,29.36815,32.683077,34.991695,36.836009,37.405407,38.631314,39.648393,38.601082,36.481172,32.654961,29.280928,26.705903,25.320689,21.317718,19.947031,18.886349,18.243609,17.82567,17.547373,16.957457,16.30112
65,NA_E3,Churchill,NA_E3_Churchill,1958,1968,1900s,1900s,NW_19,375*375,527.147,2.940,1.051,1.021,114.079,0.888,0.596,17.134804,19.447061,23.07616,26.637469,29.233616,31.368512,33.294165,34.48446,35.350434,36.12925,35.30448,33.775145,31.315083,28.986771,26.919264,25.808128,21.811532,20.480209,19.457097,18.817356,18.413508,18.15252,17.578792,16.940139
66,NA_S1,Churchill,NA_S1_Churchill,1958,1968,1900s,1900s,NW_19,375*375,541.901,3.000,1.000,1.024,114.108,0.891,0.145,16.965458,19.264678,23.259992,27.562728,30.452725,32.785569,34.458779,35.401013,35.924001,36.943418,35.717115,34.188954,31.45639,28.962404,26.87448,25.716677,21.747179,20.333876,19.251658,18.609566,18.238103,17.951098,17.339853,16.705254
67,NA_S2,Churchill,NA_S2_Churchill,1958,1968,1900s,1900s,NW_19,375*375,272.423,3.911,1.000,1.001,24.274,0.000,0.000,16.383203,19.041217,24.016778,29.160348,32.893386,35.242429,36.907828,37.344572,38.205054,39.499353,38.127438,36.117017,32.586117,29.30389,26.725554,25.302195,21.319102,19.945578,18.843142,18.198261,17.811184,17.510339,16.886013,16.25269
68,NA_S3,Churchill,NA_S3_Churchill,1958,1968,1900s,1900s,NW_19,375*375,549.709,2.990,1.000,1.037,113.894,0.894,0.194,17.001308,19.273662,23.396682,27.707826,30.160675,32.668238,34.145929,35.28504,35.840925,36.603552,35.455839,33.86617,31.381891,28.911404,26.894987,25.755505,21.773714,20.368169,19.275314,18.634493,18.27352,17.990257,17.376929,16.744516
69,NA_W,Churchill,NA_W_Churchill,1958,1968,1900s,1900s,NW_19,375*375,530.091,4.388,1.002,1.006,114.241,0.879,0.593,17.117676,19.424591,23.38499,27.4625,29.858003,32.387682,33.697606,34.555616,35.38534,35.784093,34.936124,33.679484,31.402264,28.945962,26.925775,25.746564,21.822027,20.420597,19.368421,18.732814,18.374456,18.099804,17.48222,16.867193
70,NA_N1,Churchill,NA_N1_Churchill,1958,1968,1900s,1900s,NW_19,375*375,533.873,3.177,1.000,1.102,23.893,0.822,0.588,17.090704,19.402708,23.290555,27.573261,30.003451,32.50227,33.983653,34.581241,35.356602,36.071818,35.193386,33.787576,31.361677,28.966226,26.915266,25.732358,21.733119,20.36966,19.380184,18.737692,18.411256,18.130013,17.496854,16.900429
71,NA_N2,Churchill,NA_N2_Churchill,1958,1968,1900s,1900s,NW_19,375*375,267.513,3.451,1.001,1.042,24.376,0.000,0.000,16.41032,19.061479,23.382846,27.432717,32.223101,34.909408,36.589786,37.133244,38.042989,39.062419,37.86367,35.700047,32.267861,29.257126,26.738695,25.238558,21.304971,19.902024,18.887257,18.242816,17.870876,17.573931,16.940566,16.325065
72,NA_N3,Churchill,NA_N3_Churchill,1958,1968,1900s,1900s,NW_19,375*375,532.781,2.721,1.059,1.015,113.780,0.816,0.000,16.733143,19.04851,23.892592,29.031979,31.252301,33.598355,35.071915,35.529624,36.571688,37.083283,36.286522,34.984868,32.000561,28.885213,26.903664,25.570389,21.564995,20.105621,19.071163,18.415617,18.07427,17.785441,17.141265,16.522812
73,Cloister,Girton,Cloister_Girton,1869,1901,1800s,1900s,NW_20,375*375,3347.679,1.162,1.197,1.752,130.605,0.515,0.258,16.846097,19.544575,23.965305,28.294814,31.480169,33.991929,35.535676,36.412886,36.859502,37.215545,35.829651,34.510722,31.857489,29.18376,27.067164,25.766306,21.190932,20.043044,19.203276,18.541758,18.246426,17.981864,17.358951,16.739803
74,Woodlands,Girton,Woodlands_Girton,1869,1934,1800s,1900s,NW_20,375*375,3592.475,0.910,1.010,1.329,130.168,0.826,0.126,16.755004,19.591709,24.219866,28.917632,31.429301,33.88095,35.313023,36.392176,36.809085,37.445912,36.423767,35.350145,32.372208,29.295721,27.018703,25.802736,21.250578,20.095226,19.153334,18.492086,18.123913,17.857947,17.229242,16.596435
75,Ash,Girton,Ash_Girton,1869,2013,1800s,2000s,NW_20,375*375,760.892,2.229,1.500,2.549,131.253,0.000,0.000,16.35263,19.231264,26.784237,31.345761,34.387934,36.555568,37.115865,37.723269,38.057645,38.202493,36.099124,34.820229,32.047057,29.367737,26.935476,25.354274,20.948282,19.7828,18.875509,18.216634,17.869594,17.573474,16.937642,16.313557
76,Campbell,Girton,Campbell_Girton,1869,2004,1800s,2000s,NW_20,375*375,418.440,2.567,1.029,1.626,130.213,0.000,0.000,16.52025,19.370111,23.654567,28.480794,32.342082,35.159354,37.048065,38.031342,38.960263,39.964235,37.846892,36.483235,33.574167,29.58131,26.985993,25.464147,21.383108,20.005681,19.023598,18.389193,18.004718,17.716766,17.127128,16.478691
77,Front,Robinson,Front_Robinson,1977,1980,1900s,1900s,SW_21,225*225,707.126,2.955,1.150,2.751,55.767,0.000,0.000,16.503033,19.220723,23.922887,27.751797,30.803645,33.436692,36.089288,37.738429,38.064102,39.370558,37.763862,35.308321,31.789809,29.642436,26.915969,25.363595,21.339172,19.903095,18.870678,18.246401,17.952404,17.672596,17.059384,16.448268
78,Hershel,Robinson,Hershel_Robinson,1977,1980,1900s,1900s,SW_21,225*225,236.628,6.767,1.651,8.792,104.139,0.000,0.000,16.625662,19.599728,24.123874,29.327025,31.014242,32.626298,32.997733,33.984017,34.33508,35.678677,35.023998,33.319514,31.455766,29.756171,26.812087,25.275684,21.32676,19.987392,19.03523,18.412665,18.09365,17.799431,17.193773,16.596493
79,Long,Robinson,Long_Robinson,1977,1980,1900s,1900s,SW_21,225*225,298.625,7.206,1.981,12.277,7.110,0.000,0.000,16.50958,19.327465,24.611781,27.897015,30.580136,33.028224,34.739049,38.634899,36.714985,34.772936,34.20445,33.106794,31.31638,29.111337,26.752701,25.194811,20.885788,19.957802,19.136223,18.50604,18.110628,17.813189,17.242522,16.617569
80,Memorial,Clare,Memorial_Clare,1326,1986,1300s,1900s,SW_22,180*180,2461.406,2.013,1.183,3.118,0.445,0.636,0.216,16.776688,19.332796,23.99074,27.905248,30.658276,33.224281,35.231497,36.750088,36.732784,36.746941,35.8343,34.965462,32.273131,29.256462,27.172315,25.721683,21.013988,19.852493,18.968191,18.306095,18.046552,17.783446,17.130688,16.532537
81,Lerner,Clare,Lerner_Clare,1326,2008,1300s,2000s,SW_22,180*180,566.402,3.561,1.020,1.037,91.024,0.287,0.000,16.569133,20.490208,25.687779,29.586609,32.282297,34.72202,36.339867,37.299577,37.217113,37.39772,36.312828,35.515788,32.388369,29.496952,27.259356,25.563626,21.364907,19.972411,18.977286,18.321751,17.981041,17.697821,17.067329,16.453164
82,Ashby,Clare,Ashby_Clare,1326,1986,1300s,1900s,SW_22,180*180,1094.484,2.793,1.156,1.171,0.326,0.264,0.155,16.494245,19.579167,25.495771,29.585533,31.949842,34.354546,36.076046,37.367733,37.527945,37.960688,37.656465,36.114945,33.628562,29.415757,27.242798,25.638971,20.958685,19.570487,18.570686,17.884983,17.756597,17.503062,16.807271,16.241332
83,Thirkill,Clare,Thirkill_Clare,1326,1955,1300s,1900s,SW_22,180*180,1063.117,2.715,1.006,1.022,0.961,0.420,0.053,16.559889,20.091095,25.5471,29.779705,32.571153,34.596745,36.234556,37.31258,37.293274,37.392899,36.424943,35.618432,32.614613,29.403067,27.256658,25.690466,21.225087,19.997738,19.031696,18.368998,17.965246,17.713102,17.100855,16.464685
84,NA_E,Clare_Hall,NA_E_Clare_Hall,1966,1969,1900s,1900s,SW_23,120*120,143.152,4.448,1.345,2.712,14.143,0.000,0.000,16.23944,19.327377,23.368754,26.863544,31.001837,33.278083,36.361723,38.570793,40.57067,40.504896,39.591539,35.981365,32.567106,30.075573,27.373027,25.437587,21.152096,19.801928,18.784546,18.125454,17.740434,17.432031,16.811002,16.176384
85,NA_W1,Clare_Hall,NA_W1_Clare_Hall,1966,1969,1900s,1900s,SW_23,120*120,73.403,4.164,1.001,1.109,104.098,0.000,0.000,16.21373,19.30265,23.330799,28.716605,32.895493,35.790663,37.725228,38.669088,39.502113,38.144142,37.905931,35.890682,32.29764,29.930684,27.398237,25.437347,21.148492,19.782565,18.759002,18.097522,17.728368,17.416179,16.779737,16.155605
86,NA_W2,Clare_Hall,NA_W2_Clare_Hall,1966,1969,1900s,1900s,SW_23,120*120,55.083,4.481,1.014,1.398,104.163,0.000,0.000,16.248999,19.32795,23.349837,29.227098,31.66204,34.828813,36.975464,38.01139,38.933471,37.989622,37.698115,36.436276,32.413479,29.989001,27.435564,25.464506,21.202485,19.840699,18.801741,18.144504,17.766126,17.456035,16.825708,16.201064
87,NA_W3,Clare_Hall,NA_W3_Clare_Hall,1966,1969,1900s,1900s,SW_23,120*120,63.691,2.857,1.005,1.219,103.414,0.000,0.000,16.137082,19.198647,24.314128,29.810887,33.107389,35.912925,38.544462,39.56565,40.625056,41.368093,40.63772,38.027288,32.384852,29.970038,27.418267,25.474092,21.106743,19.755734,18.691045,18.031131,17.618149,17.312966,16.689636,16.04103
88,Sidgwick_Hall,Newnham,Sidgwick_Hall_Newnham,1871,1956,1800s,1900s,SW_24,120*120,358.377,3.099,1.097,1.063,5.587,0.000,0.219,16.635619,19.906173,23.795809,27.622405,30.570032,33.615077,36.085445,37.976888,38.281146,38.128812,36.263266,34.93835,32.62182,30.376461,27.525039,25.647894,21.531675,20.192011,19.134782,18.488434,18.088295,17.784686,17.175929,16.539134
89,Courtyard,Downing_Site,Courtyard_Downing_Site,1900,1930,1900s,1900s,CC_25,180*180,1968.587,2.072,1.001,1.040,69.900,0.386,0.188,16.63787,19.999254,24.872108,28.590053,31.327357,33.965316,35.614293,36.678869,36.963857,37.024995,36.004913,34.037892,31.408255,29.24434,27.214952,25.676559,21.435372,20.04997,18.939184,18.296193,17.968389,17.704736,17.090028,16.464557
90,Old_Cavendish,New_Museum_Site,Old_Cavendish_New_Museum_Site,1762,1874,1700s,1800s,CC_26,180*180,698.128,5.180,1.267,0.975,161.284,0.000,0.000,16.317511,19.088455,22.943741,27.048948,31.638983,34.663882,36.467154,37.39791,38.204622,38.473842,37.434347,34.122693,31.745971,29.653351,27.248698,25.286304,21.037795,19.811323,18.77935,18.150684,17.787715,17.493465,16.884502,16.242992
91,Student_Service,New_Museum_Site,Student_Service_New_Museum_Site,1762,2015,1700s,2000s,CC_26,180*180,1008.844,6.811,1.157,1.053,70.406,0.000,0.000,16.206812,19.140252,23.01187,26.390767,30.908584,35.100454,37.697613,38.343856,38.39999,38.44847,37.038391,34.630971,32.494906,29.713516,27.215439,25.289771,20.717143,19.693974,18.752212,18.120122,17.756247,17.46078,16.85373,16.205771
92,Zoology,New_Museum_Site,Zoology_New_Museum_Site,1762,2015,1700s,2000s,CC_26,180*180,1136.247,5.704,1.391,1.096,159.818,0.000,0.000,16.388599,19.255756,23.162361,27.274079,30.505438,32.924274,35.790514,36.815732,37.470875,37.70094,36.145844,34.1604,32.002694,29.736808,27.238335,25.344427,21.179877,19.855688,18.825041,18.19919,17.859082,17.5592,16.940435,16.317819
93,17_ML_E,Mill_Lane_Site,17_ML_E_Mill_Lane_Site,1830,1877,1800s,1800s,CC_27,120*120,590.026,3.526,1.118,1.099,159.141,0.000,0.000,16.267732,19.577122,23.632003,28.117892,32.444711,35.419856,37.783976,38.946666,39.476082,39.712411,38.063539,36.520313,32.501141,30.168397,27.548372,25.479712,21.123597,19.853948,18.87276,18.215704,17.809627,17.528394,16.911868,16.268603
94,17_ML_W,Mill_Lane_Site,17_ML_W_Mill_Lane_Site,1830,1960,1800s,1900s,CC_27,120*120,241.694,4.791,1.221,1.592,72.292,0.000,0.000,16.235029,19.541468,23.940941,29.378782,34.522414,37.031431,38.488348,39.658903,39.559523,39.641076,37.051397,35.060008,32.564354,30.27086,27.595181,25.476303,21.019047,19.835274,18.784541,18.139046,17.755358,17.461734,16.845002,16.198884
95,4_ML,Mill_Lane_Site,4_ML_Mill_Lane_Site,1830,1960,1800s,1900s,CC_27,120*120,788.122,3.856,1.872,1.312,72.670,0.000,0.000,16.192176,19.544265,23.650368,28.034116,32.004308,34.712638,37.28398,38.67258,38.848488,38.482805,36.611766,34.53858,33.247181,30.318043,27.485111,25.464691,20.597288,19.816365,18.811889,18.173489,17.73703,17.474564,16.881516,16.220289
96,Dept_Arch,Engineering_Site,Dept_Arch_Engineering_Site,1875,1959,1800s,1900s,CW_28,180*180,359.981,5.090,1.604,2.325,19.622,0.497,0.000,16.616051,19.472651,23.179843,26.697486,29.589064,33.077369,35.988695,37.227913,38.155501,38.648772,37.159309,34.931743,32.248417,29.864196,27.319532,25.636712,21.354397,20.113147,19.105734,18.459459,18.111437,17.813099,17.175412,16.563044
97,Dept_Engr,Engineering_Site,Dept_Engr_Engineering_Site,1875,1952,1800s,1900s,CW_28,180*180,688.456,6.504,1.171,1.579,41.743,0.000,0.000,16.486693,19.596085,23.531977,27.163817,30.953764,33.558883,36.582649,37.817252,38.754333,38.956337,38.23221,35.510307,32.419916,30.042354,27.416423,25.528133,21.372112,20.043104,18.922981,18.28964,17.940608,17.642043,17.025712,16.388877
98,Raised_Building,Sidwick_Site,Raised_Building_Sidwick_Site,1952,1961,1900s,1900s,SW_29,150*150,2221.087,1.530,1.067,2.043,88.011,0.698,0.177,16.622191,20.045535,25.467275,29.468306,31.521248,33.559352,35.454163,36.825552,37.44706,37.020274,35.999449,34.731515,32.375651,29.534629,27.198037,25.658316,20.43567,19.606519,18.893035,18.215759,17.956615,17.679105,17.034319,16.423474
99,Criminology,Sidwick_Site,Criminology_Sidwick_Site,1952,2005,1900s,2000s,SW_29,150*150,1127.072,2.991,1.080,2.760,178.360,0.492,0.406,16.854789,19.413026,23.021074,26.696214,29.51037,31.805028,34.167586,36.499741,36.760158,36.781011,35.382306,34.063035,31.787478,29.675538,27.350319,25.805013,21.272059,20.1848,19.211983,18.572175,18.196652,17.932701,17.340831,16.711109
100,Whittle_Lab_N,West_Cam_Site,Whittle_Lab_N_West_Cam_Site,1966,1969,1900s,1900s,NW_30,225*225,71.824,1.985,1.001,1.085,98.598,0.000,0.000,15.82548,24.165484,28.674805,35.188266,37.089358,38.985912,39.366399,40.012676,41.185476,42.157294,42.27702,41.291045,36.745607,33.853481,26.940922,25.226424,20.647833,19.274417,18.255835,17.559351,17.263571,16.950885,16.242434,15.613049
101,Whittle_Lab_S,West_Cam_Site,Whittle_Lab_S_West_Cam_Site,1966,1969,1900s,1900s,NW_30,225*225,103.372,1.388,1.038,1.731,98.668,0.000,0.000,15.884868,24.778713,29.354088,35.083173,36.921299,38.843452,39.421687,39.99954,41.274886,42.199841,42.247119,41.209375,37.178886,31.029867,26.931604,25.239648,20.727681,19.305041,18.267115,17.574302,17.278399,16.976065,16.27978,15.641832
102,Whilliam_Gates_N,West_Cam_Site,Whilliam_Gates_N_West_Cam_Site,1966,2001,1900s,2000s,NW_30,225*225,511.624,2.541,1.041,1.771,107.080,0.000,0.446,16.97194,19.90534,23.807516,27.510118,30.579453,33.199904,34.955852,36.439594,36.644581,36.889225,35.417517,33.963919,32.11084,29.995432,27.455124,25.70261,21.765841,20.429997,19.473538,18.836345,18.452499,18.14546,17.550008,16.925335
103,Whilliam_Gates_S,West_Cam_Site,Whilliam_Gates_S_West_Cam_Site,1966,2001,1900s,2000s,NW_30,225*225,698.564,2.106,1.008,1.297,107.099,0.000,0.316,16.797074,19.746856,24.36952,28.75238,31.699208,34.509335,36.140124,37.147788,37.566299,37.63075,36.680837,35.307292,32.752874,29.977753,27.437578,25.720021,21.575124,20.230839,19.261666,18.6196,18.262085,17.962914,17.34394,16.720977
104,Rodger_Needham,West_Cam_Site,Rodger_Needham_West_Cam_Site,1966,1997,1900s,1900s,NW_30,225*225,365.325,4.561,1.038,1.726,107.136,0.000,0.430,16.943126,19.93015,23.681789,27.14614,29.705612,32.809755,34.184954,35.792639,36.120539,36.170923,35.613195,34.171134,32.26453,30.008478,27.351885,25.676912,21.7903,20.447258,19.517844,18.891274,18.50158,18.182686,17.580561,16.971199
105,Alan_Reece,West_Cam_Site,Alan_Reece_West_Cam_Site,1966,2009,1900s,2000s,NW_31,120*120,433.239,6.310,1.000,1.000,9.204,0.000,0.178,16.530306,19.960985,24.074547,28.298715,32.175599,34.998992,37.420905,38.756353,38.962539,38.906521,37.760608,36.289412,33.063667,30.815172,27.761168,25.662583,21.41342,20.051674,19.050058,18.397496,18.009024,17.693153,17.069168,16.435807
106,AVEVA_Group,West_Cam_Site,AVEVA_Group_West_Cam_Site,1966,1967,1900s,1900s,NW_32,120*120,564.136,1.971,1.391,1.367,17.835,0.470,0.100,16.561089,19.463618,24.552018,29.272257,32.619073,35.081513,36.768787,37.554138,38.533092,39.421586,38.17454,36.175467,32.820778,30.410494,27.542725,25.713136,21.458215,20.07008,19.028293,18.3697,17.929719,17.674941,17.057823,16.416227
107,British_Antarctic,West_Cam_Site,British_Antarctic_West_Cam_Site,1966,1975,1900s,1900s,NW_33,120*120,865.898,1.434,1.000,1.037,21.094,0.000,0.433,16.789782,19.491274,23.902557,27.63272,30.962657,34.043403,36.576725,38.28459,38.898805,39.089012,37.17368,35.361657,32.99687,30.401043,27.677963,25.808297,21.380312,20.292564,19.286151,18.635951,18.210151,17.912438,17.319027,16.673908